aid,enterprisename,socialcategory,gender,ph,,organisationtype,plantlocation,address,state,district,pincode,commmencedate,majoractivity,enterprisetype,nic5digitcode,totalemp,investmentcost,dic_name,registrationdate,lg_dist_code
8017346,ACCOMBLISS PRIVATE LIMITED,General,Male,No,Private Limited Company, 1) SHOP NO 146 SECTOR 36-D CHANDIGARH CHANDIGARHCHANDIGARHCHANDIGARH,"SHOP NO 146, SECTOR 36-D, CHANDIGARH",CHANDIGARH,CHANDIGARH,160036,20-02-2017,Services,Small, 1) 90001; 2) 90002; 3) 90009; 4) 56210; 5) 73100,5,25,CHANDIGARH,15-11-2019,44
8025200,Smile Every Mile,General,Male,No,Proprietary," 1) SCO 2441-2442, Chandigarh Business Center Sector 22 C ChandigarhCHANDIGARHCHANDIGARH","Sco 2441-2442, Ist Floor, Cabin 6, Chandigarh Business Center, Sector 22C, Chandigarh.",CHANDIGARH,CHANDIGARH,160022,03-08-2018,Services,Micro, 1) 79110,2,1,CHANDIGARH,16-11-2019,44
8029011,HOME WORK FACILITY MANAGEMENT,General,Male,No,Proprietary," 1) HOUSE NO. - 3926 IST FLOOR,  NEAR POLICE CHOWKI CHANDIGARH UT CHANDIGARHCHANDIGARHCHANDIGARH"," HOUSE NO. 3926, NEAR POLICE CHOWKI, VILLAGE - MALOYA, U.T., CHANDIGARH - 160025",CHANDIGARH,CHANDIGARH,160025,01-07-2017,Services,Micro, 1) 82990; 2) 74909; 3) 82110; 4) 87900; 5) 96010; 6) 96098; 7) 81210; 8) 81299; 9) 81100; 10) 81300,5,1,CHANDIGARH,16-11-2019,44
8046790,H R ENTERPRISES,General,Male,No,Proprietary, 1) SCO 37 SCO 37 CHANDIGARH CHANDIGARHCHANDIGARHCHANDIGARH,SCO 37 SECTOR 41D CHANDIGARH,CHANDIGARH,CHANDIGARH,160036,15-01-2016,Manufacturing,Micro, 1) 13999,6,10,CHANDIGARH,19-11-2019,44
8045392,COGNITIVE HEALTH TECHNOLOGIES,General,Male,No,Partnership, 1) SHOP NO 3 PLOT NO 166 SARANGPUR CHANDIGARHCHANDIGARHCHANDIGARH,"SHOP NO 3, PLOT NO 166, SARANGPUR, SARANGPUR, CHANDIGARH",CHANDIGARH,CHANDIGARH,160014,03-05-2017,Manufacturing,Micro, 1) 32909,8,25,CHANDIGARH,19-11-2019,44
7981150,HOTEL R.R VILLA,General,Male,No,Proprietary, 1) PLOT NO. 515 OPP.-RAILWAY STATION VILLAGE - DARIYA CHANDIGARHCHANDIGARHCHANDIGARH,"HOTEL R.R.VILLA,PLOT NO-515,GALI NO.-3,VILLAGE-DARIYA,OPP.-RAILWAY STATION,CHANDIGARH",CHANDIGARH,CHANDIGARH,160102,08-02-2019,Services,Micro, 1) 55101,2,4,CHANDIGARH,11-11-2019,44
8007103,DHAN LUXMI NAMKEEN & MATHI,General,Male,No,Proprietary, 1) 1020/ B DHAN LUXMI NAMKEEN AND MATHI CHANDIGARH CHANDIGARHCHANDIGARHCHANDIGARH,"1020/ B,VILLAGE-DHARIA, CHANDIGARH",CHANDIGARH,CHANDIGARH,160101,04-02-2014,Manufacturing,Micro, 1) 10712; 2) 10739,4,4,CHANDIGARH,14-11-2019,44
8041867,M/s FITDRILL ENTERPRISES,General,Male,No,Partnership, 1) HOUSE NO. 3045 SECOND SECTOR- 27D CHANDIGARHCHANDIGARHCHANDIGARH,"HOUSE NO. 3045, SECOND FLOOR, SECTOR- 27D ",CHANDIGARH,CHANDIGARH,160019,11-11-2019,Services,Micro, 1) 85410; 2) 96095,2,1,CHANDIGARH,18-11-2019,44
8042783,APOSTROPHE ARCHITECTURE AND URBAN DESIGN PVT LTD ,General,Male,No,Public Limited Company, 1) House number-113 Sector 28A Chandigarh ChandigarhCHANDIGARHCHANDIGARH,"House Number-113, Sector 28A Chandigarh ",CHANDIGARH,CHANDIGARH,160002,17-01-2008,Services,Micro, 1) 68100,7,10,CHANDIGARH,18-11-2019,44
8045193,SIPRO ENTERPRISES,OBC,Female,No,Proprietary, 1) SCO.189/1 MOTOR MARKET CHANDIGARH CHANDIGARHCHANDIGARHCHANDIGARH,"SCO.189/1 , MOTOR MARKET , 48-C , CHANDIGARH , ",CHANDIGARH,CHANDIGARH,160047,01-04-2018,Services,Micro, 1) 74909,1,1,CHANDIGARH,19-11-2019,44
8086781,Nasreen Enterprises,General,Male,No,Proprietary, 1) Hubby colony Botshah Lalbazar srinagarSRINAGARJAMMU AND KASHMIR,"Hubby colony, Botshah mohalla, Lalbazar ",JAMMU AND KASHMIR,SRINAGAR,190023,15-10-2019,Manufacturing,Micro, 1) 10795; 2) 10736; 3) 10793,6,2,SRINAGAR,23-11-2019,13
8088630,Knowracle Publication & Distribution,General,Female,No,Proprietary, 1) Shop No. 1 Swati Mahajan Bari Brahmna JammuSAMBAJAMMU AND KASHMIR,House No. 15 Lane No. 2 (1st Floor)Marble Enclave Sector 4 Extension Trikuta Nagar,JAMMU AND KASHMIR,JAMMU,180012,01-02-2016,Services,Small, 1) 58111,8,25,JAMMU,23-11-2019,5
7980599,S.K.INDUSTRIES,General,Male,No,Proprietary," 1) - IGC, PHASE III SIDCO SAMBA SAMBASAMBAJAMMU AND KASHMIR","IGC, PHASE III, SIDCO, PHASE III, SAMBA, SAMBA",JAMMU AND KASHMIR,SAMBA,184121,09-11-2019,Manufacturing,Micro, 1) 24109; 2) 31009; 3) 22209,8,25,SAMBA,11-11-2019,624
8006832,MAKHAN CLOTH HOUSE,General,Male,No,Proprietary, 1) 8 VILL-MASHKA DRAMAN BASOHLIKATHUAJAMMU AND KASHMIR,"vill-Mashka,po-hutt",JAMMU AND KASHMIR,KATHUA,184201,01-04-2019,Services,Micro, 1) 96091,1,5,KATHUA,14-11-2019,7
8006002,M/S PERFECT POLYMERS INDUSTRIES,General,Male,No,Partnership, 1) PLOT NO. 85 PHASE III GANGYAL JAMMUJAMMUJAMMU AND KASHMIR,"PLOT NO 85, PHASE III, INDUSTRIAL ESTATE GANGYAL ",JAMMU AND KASHMIR,JAMMU,180010,01-06-2007,Manufacturing,Small, 1) 16109,15,97,JAMMU,14-11-2019,5
8045044,AARAV TRADERS,General,Male,No,Proprietary, 1) DIANI SAMBA SAMBA SAMBASAMBAJAMMU AND KASHMIR,"DIANI, SAMBA, SAMBA, SAMBA, SAMBA",JAMMU AND KASHMIR,SAMBA,184121,18-11-2019,Services,Micro, 1) 85500; 2) 82199,1,3,SAMBA,19-11-2019,624
8084080,M/S MUSKAN TRADERS,General,Female,No,Proprietary, 1) KH NO 445 MODEL TOWN GANGYAL JAMMUJAMMUJAMMU AND KASHMIR,"KH NO 445, MODEL TOWN, OPP TCM STEEL AND WIRE INDUSTRY, GANGYAL, JAMMU",JAMMU AND KASHMIR,JAMMU,180010,24-09-2015,Manufacturing,Micro, 1) 13924; 2) 13923; 3) 13999,4,15,JAMMU,23-11-2019,5
8037256,GUPTA INDUSTRIES,General,Male,No,Partnership, 1) 116 PHASE - II JAMMU JAMMUJAMMUJAMMU AND KASHMIR,"116, PHASE - II, GANGYAL, JAMMU, JAMMU",JAMMU AND KASHMIR,JAMMU,180010,01-04-2000,Manufacturing,Micro, 1) 13924; 2) 13923; 3) 14102; 4) 13931,4,18,JAMMU,18-11-2019,5
8039260,NUSU ENTERPRISES,ST,Male,No,Partnership, 1) 216 TRESPONE KARGIL KARGILSRINAGARJAMMU AND KASHMIR,C/O BSNL OFFICE KARGIL,JAMMU AND KASHMIR,SRINAGAR,194103,01-11-2019,Services,Micro, 1) 95210,2,3,SRINAGAR,18-11-2019,13
8057733,HEALTHWAY DIAGNOSTIC CENTRE,General,Male,No,Proprietary, 1) 0 HEALTHWAY DIAGNOSTIC CENTRE SRINAGAR SRINAGARSRINAGARJAMMU AND KASHMIR,"HEALTHWAY DIAGNOSTIC CENTRE, ZAKURA CROSSING, SRINAGAR",JAMMU AND KASHMIR,SRINAGAR,190024,01-11-2019,Services,Micro, 1) 86100,2,10,SRINAGAR,20-11-2019,13
265882,Nagar vehicle,OBC,NA,NA,Proprietary,NA,Gram Barkheda Post  Tehsil khilchipura,MADHYA PRADESH,RAJGARH,465689,21/04/2015,Services,Micro, 1) 47739,2,1.00,RAJGHAR,24/02/2016,422
265893,SURESH TRAVEL,General,NA,NA,Proprietary,NA,BEGAMPURA UJJAIN,MADHYA PRADESH,UJJAIN,456001,12/01/2016,Services,Micro, 1) 79110,2,8.00,UJJAIN,24/02/2016,435
265904,BHAGIRATH FLOUR MILL,OBC,NA,NA,Proprietary,NA,HOUSE NO.409 EWS MUKHARJI NAGAR DEWAS,MADHYA PRADESH,DEWAS,455001,07/08/2015,Manufacturing,Micro, 1) 10611,2,5.00,DEWAS,24/02/2016,402
265920,dairy products,OBC,NA,NA,Proprietary,NA,Gram Post Nataram Tahsil khilchipur,MADHYA PRADESH,RAJGARH,465689,23/04/2015,Manufacturing,Micro, 1) 10504,2,1.00,RAJGHAR,24/02/2016,422
265964,MARMAT TRAVEL,General,NA,NA,Proprietary,NA,NARAYAN PURA UJJAIN,MADHYA PRADESH,UJJAIN,456001,08/01/2016,Services,Micro, 1) 79110,2,5.00,UJJAIN,24/02/2016,435
266060,AMIT E-RIKSHAW,ST,NA,NA,Proprietary,NA,BADNAGAR,MADHYA PRADESH,UJJAIN,456001,15/01/2016,Services,Micro, 1) 79110,1,2.00,UJJAIN,24/02/2016,435
266189,Rajni Krana dukan,General,NA,NA,Proprietary,NA,gram hinouti sarra teh. tejgharh,MADHYA PRADESH,DAMOH,470661,16/02/2016,Services,Micro, 1) 96091,1,1.00,DAMOH,24/02/2016,400
266324,IQWAL READYMATE,General,NA,NA,Proprietary,NA,BHARGAV MARG UJJAIN,MADHYA PRADESH,UJJAIN,456001,06/01/2016,Services,Micro, 1) 47711,2,2.00,UJJAIN,24/02/2016,435
266454,ten house,SC,NA,NA,Proprietary,NA,Gram Jatamadi Post Chhapihed Teh.khilchipur,MADHYA PRADESH,RAJGARH,465689,29/04/2015,Services,Micro, 1) 82990,10,10.00,RAJGHAR,24/02/2016,422
266673,MAYUR ENGINEERING,General,NA,NA,Proprietary,NA,A M 11Housing  bord colony sector - 1 pithampur,MADHYA PRADESH,DHAR,454775,24/02/2016,Manufacturing,Micro, 1) 32909,8,6.00,PITHAMPUR ,24/02/2016,403
190,SHREE INSTITUTION OF COMPUTER EDUCATION SOCIETY,OBC,NA,NA,Proprietary,NA,VILL DHARMANPUR POST JAMALPUR DIST VARANASI  221105,UTTAR PRADESH,VARANASI,NA,19/02/2015,Services,Micro, 1) 85221,5,2.00,VARANASHI,19/10/2015,187
222,Reliable Green ventures pvt ltd(opc),General,NA,NA,Private Limited Company,NA,"Plot no 218, Vill Taraon, Post Danganj, Dist Varanasi 221101",UTTAR PRADESH,VARANASI,NA,06/08/2015,Manufacturing,Micro, 1) 30999,14,18.00,VARANASHI,19/10/2015,187
356,Ridhdhi sidhdhi boutique,General,NA,NA,Proprietary,NA,"Plot number 30, House number B-37/54-B,Giri Nagar Colony,Birdopur,Varanasi-221010",UTTAR PRADESH,VARANASI,NA,10/05/2007,Manufacturing,Micro, 1) 14105,6,1.00,VARANASHI,19/10/2015,187
365,saurabh cold water,General,NA,NA,Proprietary,NA,Village karajahi Post gauri bazarDist Deoria,UTTAR PRADESH,DEORIA,NA,15/04/2013,Manufacturing,Micro, 1) 36000,2,10.00,NULL,01/10/2015,137
369,TARA &amp; COMPANY,SC,NA,NA,Proprietary,NA,"VILL BABERI , POST -SOHILAPUR",UTTAR PRADESH,GHAZIPUR,NA,14/08/2015,Manufacturing,Micro, 1) 43299,10,25.00,NULL,01/10/2015,146
372,kaya care medical store,General,NA,NA,Proprietary,NA,hospital road ward no 5 salempur deoria up,UTTAR PRADESH,DEORIA,NA,02/12/1979,Manufacturing,Micro, 1) 24201,20,2.00,NULL,01/10/2015,137
383,Sharp laboratories Gramodyog Sanstha,General,Male,No,Society, 1) 125 KHADI GRAMODYOG EMPORIUM maheshpur varanasiVARANASIUTTAR PRADESH,"Vill.-Maheshpur,post-industrial estate,varanasi",UTTAR PRADESH,VARANASI,221106,29/11/2002,Manufacturing,Micro, 1) 32909,5,1.00,VARANASHI,19/10/2015,187
387,SHARMA  ENTERPRISE,General,NA,NA,Proprietary,NA,"RAJ KAMAL PARK, NEAR EKTA NAGAR ROORKEE ROAD",UTTAR PRADESH,MEERUT,NA,01/01/2014,Services,Micro, 1) 85500,1,1.00,NULL,02/10/2015,169
397,AddCarts Group,OBC,NA,NA,Others,NA,"102 A Aruna Nagar, Etah",UTTAR PRADESH,ETAH,NA,02/10/2015,Services,Micro, 1) 74909,1,1.00,NULL,02/10/2015,138
400,S.P.S. Enterprises,OBC,NA,NA,Proprietary,NA,"102 A Aruna Nagar, Etah",UTTAR PRADESH,ETAH,NA,02/10/2015,Services,Micro, 1) 74909,1,1.00,NULL,02/10/2015,138
8016576,BADA NAAM SERVICES PVT. LTD.,General,Male,No,Private Limited Company," 1) Ground Floor C/o Badar Singh Rawat Majari Mafi, Mohkampur DehradunDEHRADUNUTTARAKHAND","C/o Badar Singh RawatLane No.3, Kalinka Vihar, Majari Mafi, Mohkampur, Dehradun - 248001",UTTARAKHAND,DEHRADUN,248001,05-11-2019,Services,Micro, 1) 85499; 2) 63999; 3) 69201; 4) 58111; 5) 78300,1,1,DIC DEHRADUN,15-11-2019,49
8016391,Mohammad Khalid ,OBC,Male,No,Proprietary, 1) H N 72 Gali No 3 Rudra Enclave Fazalpur Mehraula Rudrapur RudrapurUDHAM SINGH NAGARUTTARAKHAND,Gandhi Mobile Indra Chowk Rudrapur,UTTARAKHAND,UDHAM SINGH NAGAR,263153,01-11-2019,Services,Micro, 1) 66309,4,10,DIC UDHAM SINGH NAGAR,15-11-2019,56
8018146,sangharsh mishra,General,Male,No,Proprietary, 1) TRIPATHI WALI GALI TRIPATHI WALI GALI VIKAS COLONY HARIDWARHARIDWARUTTARAKHAND,"TRIPATHI WALI GALI,VIKAS COLONY,HARIDWAR,UK-249401",UTTARAKHAND,HARIDWAR,249401,30-01-2018,Services,Micro, 1) 96091,1,1,DIC HARIDWAR,15-11-2019,50
8017063,Tour De India,OBC,Female,No,Proprietary," 1) F-1, 1st Floor Siya Kutir Apartment Canal Road DehradunDEHRADUNUTTARAKHAND","F-1, Siya Kutir Apartment, Gangotri Vihar, Canal Road",UTTARAKHAND,DEHRADUN,248001,10-11-2019,Services,Micro, 1) 79110,1,1,DIC DEHRADUN,15-11-2019,49
8018324,RENU MINOCHA TIFFIN SERVICES,General,Female,No,Proprietary, 1) 67/30 RENU MINOCHA TIFFIN SERVICES TYAGI ROAD DEHRADUNDEHRADUNUTTARAKHAND,"67/30, STREET NO. 23, TYAGI ROAD",UTTARAKHAND,DEHRADUN,248001,01-04-2019,Services,Micro, 1) 56302; 2) 56292,1,1,DIC DEHRADUN,15-11-2019,49
8019422,relex footware,SC,Male,No,Self Help Group, 1) vill. devipura maldhan maldhan chaur no - 4 ramnagarNAINITALUTTARAKHAND,vill-devipura maldhan chaur no - 4 ramnagar (nainital) uttarakhand,UTTARAKHAND,NAINITAL,244713,01-08-2019,Manufacturing,Micro, 1) 32909,3,2,DIC HALDWANI,15-11-2019,51
8020517,INHERO BIOTECH PRIVATE LIMITED,General,Male,No,Private Limited Company, 1) 406 SSV APARTMENT RISHIKESH DEHRADUNDEHRADUNUTTARAKHAND,"406, SSV APARTMENT, HARIPURKALA, RISHIKESH",UTTARAKHAND,DEHRADUN,249201,17-12-2018,Manufacturing,Micro, 1) 21001,5,5,DIC DEHRADUN,15-11-2019,49
8021935,ROBIN CYBER CAFE,General,Male,No,Proprietary, 1) WARD NO-01 KOTI ATHOORWALA DEHRADUNDEHRADUNUTTARAKHAND,RISHIKESH ROAD JOLLYGRANT,UTTARAKHAND,DEHRADUN,248202,01-08-2019,Services,Micro, 1) 95111,1,1,DIC DEHRADUN,15-11-2019,49
8022876, MAA JI ENTERPRISES,General,Male,No,Proprietary, 1) - VILLAGE PATHARI BASTI NO.1 HARDWAR HARIDWARHARIDWARUTTARAKHAND,VILLAGE PATHARI BASTI NO.1 HARDWAR,UTTARAKHAND,HARIDWAR,299404,14-11-2019,Manufacturing,Micro, 1) 32909,1,1,DIC HARIDWAR,15-11-2019,50
8026217,M/s VIDEO VISION DIGITALS,General,Female,No,Proprietary, 1) 121/4 SUNVIEW COLONY CLEMENT TOWN DEHRADUNDEHRADUNUTTARAKHAND,"121/4 SUNVIEW COLONY LANE C-24, TURNER ROAD CLEMENT TOWN ",UTTARAKHAND,DEHRADUN,248002,01-11-2019,Services,Micro, 1) 59112; 2) 74202,2,1,DIC DEHRADUN,16-11-2019,49
101508,Safiul Telecom,General,NA,NA,Proprietary,NA,"Vill: Ishwaripur, P.O.: Suryapur, P.S.: Khardah",WEST BENGAL,NORTH 24 PRAGANAS,700121,14/06/2013,Services,Micro, 1) 61900,2,2.00,N. 24- PRAGANAS,21/12/2015,303
101574,M/s Puspakamal Wooden Furnitures,OBC,NA,NA,Proprietary,NA,"9th Mile, Thurbo T.E., Mirik",WEST BENGAL,DARJEELING,734214,15/06/2009,Manufacturing,Micro, 1) 31001,2,1.00,DARJEELING,21/12/2015,309
101660,M/s Suman Dairy Products,OBC,NA,NA,Proprietary,NA,"Batasia Busty, PO: Batasia, PS: Lodhoma, Darjeeling",WEST BENGAL,DARJEELING,734221,18/07/2007,Manufacturing,Micro, 1) 10504,2,1.00,DARJEELING,21/12/2015,309
101760,MASON,General,NA,NA,Proprietary,NA,"VILL-GORAPARA,P.O-HANSRA,P.S-PANRUI",WEST BENGAL,BIRBHUM,731214,25/09/2007,Manufacturing,Micro, 1) 43309,7,3.00,BIRBHUM,21/12/2015,307
101767,S P ENTERPRISE,General,NA,NA,Proprietary,NA,34/C SATKARI MITRA LANE KOLKATA 700054,WEST BENGAL,KOLKOTA,700054,04/06/2008,Manufacturing,Micro, 1) 22199,2,1.00,KOLKOTA,21/12/2015,315
101779,MASON,SC,NA,NA,Proprietary,NA,"VILL-GORAPARA,P.O-HANSRA,P.S-PANRUI",WEST BENGAL,BIRBHUM,731214,02/02/2010,Manufacturing,Micro, 1) 43301,5,1.00,BIRBHUM,21/12/2015,307
101814,HEALTH WOAKER,OBC,NA,NA,Others,NA,VILL- GORAPARAPO-HANSRAPS-PANRUIDIST-BIRBHUM,WEST BENGAL,BIRBHUM,731214,01/01/2010,Manufacturing,Micro, 1) 32909,2,1.00,BIRBHUM,21/12/2015,307
101903,FOOTWEAR SHOP,OBC,NA,NA,Others,NA,"Narasunda, Batikar, PANRUI",WEST BENGAL,BIRBHUM,731121,01/01/2010,Services,Micro, 1) 47713,2,3.00,BIRBHUM,21/12/2015,307
101930,MANTU CYCLE REPAIRING,General,NA,NA,Proprietary,NA,"VILL-CHHATAR BANDI,P.O-HANSRA,P.S-PANRUI",WEST BENGAL,BIRBHUM,731214,18/11/2010,Services,Micro, 1) 45200,2,2.00,BIRBHUM,21/12/2015,307
102128,ODEUR D FLORA,General,NA,NA,Proprietary,NA,"TELI SARAK (BYE LANE) KUNDU LANE, POST BANSBERIA, PS MOGRA, DIST HOOGHLY",WEST BENGAL,HOOGHLY,712502,01/10/2015,Manufacturing,Micro, 1) 20238,3,2.00,HOOGHLY,21/12/2015,312
5248326,malleswari beauty saloon,General,Female,No,Proprietary, 1) 42-9-9A YASUKRUPA AJITHSING NAGAR VIJAYAWADAKRISHNAANDHRA PRADESH,42-9-9A YASUKRUPA RAITHU BAZAR STREET AJITHSING NAGAR VIJAYAWADA,ANDHRA PRADESH,KRISHNA,520015,01/01/2001,Services,Micro, 1) 96020,1,2.00,KRISHNA,19/09/2018,510
5248461,SRI SIVA SAI COTTON TRADERS,General,Male,No,Proprietary, 1) 19-7-176K C/O TIRUMALA  COTTON  MILL KAMMASESHAIAH GROUND GUNTURGUNTURANDHRA PRADESH,"SRI SIVA SAI COTTON TRADERS,PROP.ANNEM VENKATA NAGA SIVAREDDY,19-7-176K, ETUKURU ROAD,  KAMMASESHAIAH GROUND,GUNTUR,AP",ANDHRA PRADESH,GUNTUR,522003,23/05/2014,Manufacturing,Micro, 1) 01632,9,20.00,GUNTUR,19/09/2018,506
5248534,MUPPIDI RANGANAYAKULU & SONS,General,Male,No,Partnership, 1) 21-32-51 TOWN KOTHA ROAD VISAKHAPATNAM VISAKHAPATNAMVISAKHAPATNAMANDHRA PRADESH,D.NO:21-32-51 TOWN KOTHA ROAD VISAKHAPATNAM,ANDHRA PRADESH,VISAKHAPATNAM,530001,30/07/1949,Services,Small, 1) 35202,11,40.00,VISAKHAPATNAM,19/09/2018,520
5249907,RAVISHANKARA ENGINEERS,OBC,Male,No,Proprietary, 1) Plot No.3 APIIC Industrial Park Naidupeta (Mandal) NaidupetaSPSR NELLOREANDHRA PRADESH,"Plot No.3, APIIC Industrial Park, Menakur Village, Naidupet Mandal,SPSR Nellore Dist",ANDHRA PRADESH,SPSR NELLORE,524421,01/01/2015,Manufacturing,Small, 1) 33190; 2) 25119; 3) 77309,12,125.00,SHRI POTTI SRIRAMULU NELLORE,19/09/2018,515
5250312,DHANALAKSHMI TRANSPORT,SC,Female,No,Proprietary, 1) 0-0 venugopalapuram vedurukuppam vedurukuppamCHITOORANDHRA PRADESH,"0-0,venugopalapuram,vedurukuppam",ANDHRA PRADESH,CHITOOR,517569,21/09/2017,Services,Micro, 1) 49231,2,7.00,CHITOOR,19/09/2018,503
5251436,SRI LAKSHMI SRINIVASA ELECTRICALS,General,Male,No,Proprietary, 1) opp.Hero Honda show Main Road Near Nagendra Nagar OngolePRAKASAMANDHRA PRADESH,"Podili (V&amp;M), Prakasam District.",ANDHRA PRADESH,PRAKASAM,523240,12/05/2013,Manufacturing,Micro, 1) 33132,4,10.00,PRAKASAM,19/09/2018,517
5252039,MADDU PRAKASA RAO,SC,Male,No,Proprietary, 1) D.NO.6-27 PYAPARRU PYAPARRU AMRATHALURGUNTURANDHRA PRADESH,"D.NO.6-27, PYAPARRU VILLAGE, AMRATHALUR MANDAL, GUNTUR DIST,",ANDHRA PRADESH,GUNTUR,522341,23/08/2018,Services,Micro, 1) 49231,2,9.00,GUNTUR,19/09/2018,506
5252253,NAGENDRAMMA TRANSPORT,SC,Female,No,Proprietary, 1) 000 SAIPETA VILLAGE KONDAPURAM MANDAL NELLORESPSR NELLOREANDHRA PRADESH,"SAIPETA VILLAGE, KONDAPURAM MANDAL, NELLORE DIST.",ANDHRA PRADESH,SPSR NELLORE,524201,31/05/2018,Services,Micro, 1) 49231,1,7.00,SHRI POTTI SRIRAMULU NELLORE,19/09/2018,515
5253567,M/S.MAYUR PVC PIPES INDUSTRIES,General,Male,No,Proprietary, 1) PLOT NO.134 Growth Centre BOBBILI vizianagaramVIZIANAGARAMANDHRA PRADESH,"PLOT NO.134, GROWTH CENTRE BOBBILI, VIZIANAGARAM",ANDHRA PRADESH,VIZIANAGARAM,535558,18/09/2018,Manufacturing,Micro, 1) 22207,8,25.00,VIZIANAGARAM,20/09/2018,521
5253572,PRAKRUTHI FOOD INDUSTRY,ST,Male,No,Proprietary, 1) 00 SEETHAMMAPETA ITDA COMPLEX SEETHAMMAPETA SEETHAMMAPETASRIKAKULAMANDHRA PRADESH,GUMMADA VILLAGE AND POST SEETHAMMPETA MANDAL SRIKAKULAM,ANDHRA PRADESH,SRIKAKULAM,532460,19/09/2018,Manufacturing,Micro, 1) 10796,10,10.00,SRIKAKULAM,20/09/2018,519
7997972,M/s ANGA SISTERS ENTERPRISES,ST,Female,No,Proprietary, 1) W11/F50 F-SECTOR ITANAGAR ITANAGARPAPUM PAREARUNACHAL PRADESH,"W11/F50, F-SECTOR, ITANAGAR, PO: RK MISSION, PS: ITANAGAR",ARUNACHAL PRADESH,PAPUM PARE,791113,15-01-2019,Manufacturing,Micro, 1) 13999,10,19,"CAPITAL COMPLEX, NAHARLAGUN",13-11-2019,237
7987970,ms TT TEXTILE ENTERPRISE,ST,Male,No,Proprietary, 1) g extension g extension g extension naharlagunPAPUM PAREARUNACHAL PRADESH,g extension,ARUNACHAL PRADESH,PAPUM PARE,791110,02-10-2018,Manufacturing,Micro, 1) 13121,4,3,"CAPITAL COMPLEX, NAHARLAGUN",12-11-2019,237
8094231,Devi collection ,SC,Female,No,Proprietary, 1) Malo linggi compound Cheta 2 Lower market RoingLOWER DIBANG VALLEYARUNACHAL PRADESH,Cheta 2,ARUNACHAL PRADESH,LOWER DIBANG VALLEY,792110,03-06-2019,Services,Micro, 1) 96010,1,2,ROING,25-11-2019,235
8148956,M/S L.R AGRO ENTERPRISE,ST,Male,No,Partnership, 1) 00 DUMPORIJO DUMPORIJO DAPORIJOUPPER SUBANSIRIARUNACHAL PRADESH,DUMPORIJO P.O-DUMPORIJO,ARUNACHAL PRADESH,UPPER SUBANSIRI,791122,15/11/2019,Services,Micro, 1) 70200,3,2.00,UPPER SUBANSIRI,02/12/2019,241
8120089,Plaza Restaurant ,General,Male,No,Proprietary, 1) T Chai market tezu Tezu Tezu TezuLOHITARUNACHAL PRADESH,T chai market ,ARUNACHAL PRADESH,LOHIT,792001,07-10-2017,Manufacturing,Micro, 1) 13999,5,5,LOHIT,28-11-2019,234
8187893,M/s RC  ENTERPRISE,ST,Male,No,Proprietary, 1) S/O SANJAY MIJI KHELLONG NAFRA WEST KAMENGWEST KAMENGARUNACHAL PRADESH,hollongi tanagar arunachal pradesh ,ARUNACHAL PRADESH,PAPUM PARE,791113,01-12-2019,Manufacturing,Micro, 1) 33132,10,5,YUPIA,06-12-2019,237
7183670,MERAKI PINES,General,Female,No,Proprietary, 1) E-78 VILLAGE NGORLUNG VILLAGE NGORLUNG EAST SIANGEAST SIANGARUNACHAL PRADESH,"E-78, VILLAGE NGORLUNG,  P.O. RUKSIN,",ARUNACHAL PRADESH,EAST SIANG,791102,01-07-2019,Services,Micro, 1) 74909,2,3,EAST SIANG,19-07-2019,232
7190787,M/S.MUALIN BRICK UNIT,ST,Male,No,Proprietary, 1) RAJANAGAR-II RAJANAGAR-II RAJANAGAR BORDUMSACHANGLANGARUNACHAL PRADESH,"VILL:RAJANAGAR-II, P/O:BORDUMSA, P/O:BORDUMSA,",ARUNACHAL PRADESH,CHANGLANG,792056,12-06-2018,Manufacturing,Micro, 1) 23921,20,6,CHANGLANG,20-07-2019,229
7191485,M/S JS Enterprise,ST,Female,No,Proprietary, 1) HNo.-128 LATHAO Lathao Circle NamsaiNAMSAIARUNACHAL PRADESH,"HNo.-128, NH-52, Lathao",ARUNACHAL PRADESH,LOHIT,792103,15-05-2019,Manufacturing,Micro, 1) 01639,5,12,LOHIT,20-07-2019,234
7192049,M/S Aradhana Enterprise,General,Male,No,Proprietary," 1) HNo. E-40, Block 3 Mahadevpur 3 Mahadevpur NamsaiNAMSAIARUNACHAL PRADESH","HNo. E-40, Block 3, Mahadevpur 3, PMGY Road,	Mahadevpur",ARUNACHAL PRADESH,LOHIT,792103,15-05-2019,Manufacturing,Micro, 1) 01639,5,12,LOHIT,20-07-2019,234
8019053,M/S MONDAL ENTERPPRISE,General,Female,No,Proprietary, 1) NA VILL- BALABHITA BALABHITA BARPETABARPETAASSAM,"VILL- BALABHITA, PO- BALABHITA, BARPETA",ASSAM,BARPETA,781313,03-04-2019,Manufacturing,Micro, 1) 23954; 2) 23952,7,25,BARPETA,15-11-2019,280
8015760,M/S STEEL & DESIGNER,OBC,Male,No,Proprietary, 1) NEAR ROTARY CLUB KAMALABARI DULIAJAN DULIAJANDIBRUGARHASSAM,"NEAR ROTARY CLUB, KAMALABARI ROAD, DULIAJAN",ASSAM,DIBRUGARH,786602,02-03-1990,Manufacturing,Small, 1) 25996; 2) 25999; 3) 25111; 4) 25119; 5) 25129,8,48,DIBRUGARH,15-11-2019,286
8017381,M/S AYAAN ENTERPRISE,General,Female,No,Proprietary, 1) N/A Sarkari Bagan Haflong Area HaflongDIMA HASAOASSAM,"Sarkari Bagan, Haflong",ASSAM,DIMA HASAO,788819,12-07-2007,Services,Micro, 1) 63999,4,1,DIMA HASAO,15-11-2019,299
8017391,M/S BABUBIL MUSHROOM PRODUCTION UNIT,OBC,Male,No,Proprietary," 1) 189 Vill.Babubil,P.O.Gossaigaon,Dist.Kokrajhar Gossaigaon KokrajharKOKRAJHARASSAM","Vill. Babubil,P.O.Gossaigaon,Dist.Kokrajhar,Pin-783360",ASSAM,KOKRAJHAR,783360,05-07-2018,Manufacturing,Small, 1) 10799,7,62,KOKRAJHAR,15-11-2019,294
8017005,M/S RADHE RADHE MUSHROOM UNIT,OBC,Male,No,Proprietary," 1) 172 Vill. Bashbari, P.O.Gossaigaon,Dist.Kokrajhar Gossaigaon KokrajharKOKRAJHARASSAM","Vill. Bashbari, P.O.Gossaigaon, Dist.Kokrajhar, Pin-783360",ASSAM,KOKRAJHAR,783360,04-03-2019,Manufacturing,Small, 1) 10799,3,56,KOKRAJHAR,15-11-2019,294
8019517,M S GROOMING STUDIO,General,Female,No,Proprietary, 1) HOUSE NO-6 OPPOSITE PENSIONER BHAWAN CHANDMARI COLONY GUWAHATIKAMRUP METROASSAM,"NIZARA PARA ROAD, OPPOSITE PENSIONER BHAWAN, NEAR CHANDMARI POLICE STATION, CHANDMARI COLONY, GUWAHATI-781003, ASSAM, INDIA",ASSAM,KAMRUP METRO,781003,01-08-2016,Services,Micro, 1) 90009,6,2,GM DIC KAMRUP,15-11-2019,618
8019737,IIIANA STUDIO PRIVATE LIMITED,OBC,Male,No,Private Limited Company, 1) 0 C/o Niran Ch. Pegu WML J Lane DibrugarhDIBRUGARHASSAM,"C/o Niran Ch. Pegu,  Kangkan Nagar, WML J Lane, Dibrugarh",ASSAM,DIBRUGARH,786003,16-08-2019,Services,Micro, 1) 62099; 2) 62011; 3) 62012; 4) 62013; 5) 62020,1,2,DIBRUGARH,15-11-2019,286
8020887,MANIK DEY & CO,General,Male,No,Partnership, 1) NO 1 BORBIL BORBIL DIGBOITINSUKIAASSAM,"BORBIL NO 1,DIGBOI",ASSAM,TINSUKIA,786171,01-04-2005,Services,Micro, 1) 41002; 2) 41001; 3) 78100,10,9,TINSUKIA,15-11-2019,302
8021856,S R AND SONS,General,Male,No,Proprietary, 1) # BORBIL NO 1 BORBIL DIGBOITINSUKIAASSAM,"BORBIL NO 1,DIGBOI",ASSAM,TINSUKIA,786171,01-01-2017,Services,Micro, 1) 41002; 2) 41001,5,5,TINSUKIA,15-11-2019,302
8021080,PRATUL THAKURIA,General,Male,No,Proprietary, 1) 00 KACHU GAON PULIBOR GOLAGHATGOLAGHATASSAM,"KACHU GAON, PO-PULIBOR, PS-GOLAGHAT, SUB. DIV. - GOLAGHAT",ASSAM,GOLAGHAT,785621,01-11-2019,Services,Micro, 1) 33111; 2) 41001; 3) 42101; 4) 42909; 5) 43110; 6) 78100; 7) 78200; 8) 82110,20,4,GOLAGHAT,15-11-2019,288
232932,shree laxmi jwellrs,General,NA,NA,Hindu Undivided Family,NA,arvind kumar jha s/o - mohan jha manupaur madhubani bihar -847223,BIHAR,MADHUBANI,847223,10/02/2008,Manufacturing,Micro, 1) 32111,5,10.00,MADHUBANI,16/02/2016,206
232951,SHANTI KIRANA STORE,OBC,NA,NA,Proprietary,NA,"RASULPUR , BRAHAMPURA, MOTIPUR",BIHAR,MUZAFFARPUR,843111,22/03/2010,Services,Micro, 1) 47211,1,3.00,MUZAFFARPUR,16/02/2016,208
233004,SURABHI COMPULSORIES PRINTING PRESS,OBC,NA,NA,Proprietary,NA,"MAHNADPUR BALMI, MOTIPUR",BIHAR,MUZAFFARPUR,843111,10/02/2016,Manufacturing,Micro, 1) 18119,1,2.00,MUZAFFARPUR,16/02/2016,208
233029,SUNIL MOTER VIKIELS WORK SHOP,OBC,NA,NA,Proprietary,NA,VILL-PILAKHWAR MADHUBANI,BIHAR,MADHUBANI,847211,01/04/2008,Services,Micro, 1) 45200,2,1.00,MADHUBANI,16/02/2016,206
233030,sunil kiran dukan,General,NA,NA,Proprietary,NA,malighat,BIHAR,MUZAFFARPUR,842002,22/08/2013,Services,Micro, 1) 56291,2,1.00,MUZAFFARPUR,16/02/2016,208
233067,Ashok Kumar Sharma,General,NA,NA,Proprietary,NA,"C/o Sri M.P. Sharma, Ashok Nagar, Road 1B, Kankarbagh,Patna Pin:800020",BIHAR,PATNA,800020,16/03/2000,Services,Small, 1) 62020,8,20.00,PATNA,16/02/2016,212
233083,Ram Kirana store,OBC,NA,NA,Proprietary,NA,HARLOCHAN PUR SUKKI,BIHAR,VAISHALI,843114,01/01/2006,Services,Micro, 1) 47219,1,2.00,VAISHALI,16/02/2016,224
233095,SHOES SHOP,SC,NA,NA,Proprietary,NA,VILL- SURAT GANJ SHANTRAVIDASH COLONY MADHUBANI,BIHAR,MADHUBANI,847211,26/02/2000,Services,Micro, 1) 47713,1,1.00,MADHUBANI,16/02/2016,206
233099,Nandni Sringar &amp; General Store,General,NA,NA,Proprietary,NA,"sohpur,ward-11 Narahia",BIHAR,MADHUBANI,847108,13/05/2011,Services,Micro, 1) 47722,1,2.00,MADHUBANI,16/02/2016,206
233105,M/S - DILIP OLD SILVER METAL REFINERY WORKS SHOP,OBC,NA,NA,Proprietary,NA,"MOH - PHAL GALI SONARPATTI, PO - NAWADA,  BLOCK - NAWADA, DIST - NAWADA,",BIHAR,NAWADA,805110,13/02/2016,Manufacturing,Micro, 1) 07295,6,2.00,NAWADA,16/02/2016,210
8018975,OM ISPAT TRADING COMPANY,General,Male,No,Proprietary," 1) HOUSE NO- 18/A BHILAI STEEL COLONY SECTOR-3, BHILAI-1, DURG BHILAIDURGCHHATTISGARH","HOUSE NO- 18/A,BHILAI STEEL COLONY,STREET-8,SECTOR-3, BHILAI-1, DURG,CHHATTISGARH -490001",CHHATTISGARH,DURG,490001,13-11-2019,Manufacturing,Micro, 1) 24109,2,1,DURG,15-11-2019,378
8017475,SILAI WORK,ST,Female,No,Proprietary, 1) BHANDARPUR Bhandrapur BHANDRAPUR donagrgarhRAJNANDAGAONCHHATTISGARH,bhandarpur,CHHATTISGARH,RAJNANDAGAON,491445,23-03-2018,Manufacturing,Micro, 1) 14105,1,1,RAJNANDAGAON ,15-11-2019,388
8016693,maa banjari online point,OBC,Male,No,Proprietary, 1) vyasayik parishar shop no 8 dhaneli 1 raipurRAIPURCHHATTISGARH,vyashyik parisher shop no 8 dhaneli,CHHATTISGARH,RAIPUR,492001,15-08-2019,Services,Micro, 1) 63992,2,1,RAIPUR ,15-11-2019,387
8016194,CLASSYWOMANIYA,General,Female,No,Proprietary, 1) SAI VILA SAI VILA KRANTI NAGAR BILASPURBILASPURCHHATTISGARH,SAI VILA ALOK NIWAS KRANTI NAGAR BILASPUR CHHATTISGARH 495001,CHHATTISGARH,BILASPUR,495001,14-11-2019,Services,Micro, 1) 96020,2,1,BILASPUR,15-11-2019,375
8017132,MANISH AGRWAL & CO.,General,Male,No,Proprietary, 1) 1 SIYARAM TRADING COMPANY AGRASEN CHOWK RAIPURRAIPURCHHATTISGARH,BHAISTAN ROAD AGRASEN CHOWK,CHHATTISGARH,RAIPUR,492001,22-12-2016,Services,Micro, 1) 69201,3,10,RAIPUR ,15-11-2019,387
8018376,MEGHA HAIR DRESAR,OBC,Male,No,Proprietary, 1) NEAR GOVT SCHOOL DHANELI-1 DHANELI-1 RAIPURRAIPURCHHATTISGARH,NEAR GOVT SCHOOL MEGHA HAIR DRESAR DHANELI-1,CHHATTISGARH,RAIPUR,492001,08-02-2000,Services,Micro, 1) 96020,1,1,RAIPUR ,15-11-2019,387
8021662,PARVATI SILAI CENTER,General,Female,No,Proprietary, 1) 01 SHIV NAGAR RAIPUR RAIPURRAIPURCHHATTISGARH,01 SHIV NAGAR HANDI PARA RAIPUR ,CHHATTISGARH,RAIPUR,492001,16-06-2015,Manufacturing,Micro, 1) 14105,3,4,RAIPUR ,15-11-2019,387
8021989,M/S PITAMBAR HALWAI ,General,Male,No,Proprietary, 1) NEAR KALI MANDIR WARD NO. 56 DURG DURGDURGCHHATTISGARH,1038/9 WARD NO. 4 GAYA NAGAR DURG ,CHHATTISGARH,DURG,491001,01-11-2019,Manufacturing,Micro, 1) 10309,5,2,DURG,15-11-2019,378
8022070,B.S.ENGINEERING WORKS,General,Male,No,Proprietary, 1) T P NAGAR KORBA KORBA KORBAKORBACHHATTISGARH,T P NAGAR ,CHHATTISGARH,KORBA,495677,01-04-2017,Manufacturing,Micro, 1) 43309,5,5,KORBA ,15-11-2019,383
8023240,SUMITRA CHAKRADHARI KIRANA STORE,OBC,Female,No,Proprietary, 1) VILL- KALGAON POST- KALGAON KANKER KANKERKANKERCHHATTISGARH,"VILL- KALGAON, DISTT-KANKER, C.G. 494665",CHHATTISGARH,KANKER,494665,01-01-2016,Services,Micro, 1) 56291,1,1,KANKER ,15-11-2019,381
8088902,VIKAS PACKAGING,General,Male,No,Proprietary, 1) FLAT NO.01 SAI SHRUSTI COMPLEX SILVASSA SILVASSADADRA AND NAGAR HAVELLIDADAR AND NAGAR HAVELI,SHOP NO.08 HORIZON RESIDENCY AMLI SILVASSA,DADAR AND NAGAR HAVELI,DADRA AND NAGAR HAVELLI,396230,07-07-2017,Services,Micro, 1) 14105,10,6,DADRA & NAGAR HAVELLI,23-11-2019,465
8090214,SANDEEP KIRANA STORE,General,Male,No,Proprietary, 1) HOUSE NO.766(1).(10) PATEL PADA RAKHOLI RAKHOLI SILVASSADADRA AND NAGAR HAVELLIDADAR AND NAGAR HAVELI,HOUSE NO.766(1)(10)PATEL PADA.SAYLI ROAD.RAKHOLI.SILVASSA.,DADAR AND NAGAR HAVELI,DADRA AND NAGAR HAVELLI,396230,05-01-2000,Manufacturing,Micro, 1) 10739,2,1,DADRA & NAGAR HAVELLI,23-11-2019,465
8032474,BABITA FIBRE GLASS,General,Male,No,Private Limited Company, 1) Shed no. 01 b/h HDFC BANK AMLI SILVASSADADRA AND NAGAR HAVELLIDADAR AND NAGAR HAVELI,"Shed no. 01, B/H HDFC Bank, Silvassa, Vapi - Silvassa Road, Amli, Silvassa - 396230.",DADAR AND NAGAR HAVELI,DADRA AND NAGAR HAVELLI,396230,14-09-2009,Manufacturing,Micro, 1) 22209,8,15,DADRA & NAGAR HAVELLI,17-11-2019,465
7979629,KRISHNA PACKAGING,General,Male,No,Proprietary," 1) SURVEY NO.54/1 RCC BUILDING, GROUND FLOOR &amp; FIRST FLOOR DADRA DADRADADRA AND NAGAR HAVELLIDADAR AND NAGAR HAVELI","SURVEY NO.54/1, RCC BUILDING, GROUND FLOOR AND FIRST FLOOR, VAGHDHARA ROAD, DADRA, 396230, DADRA AND NAGAR HAVELI",DADAR AND NAGAR HAVELI,DADRA AND NAGAR HAVELLI,396230,09-04-2019,Manufacturing,Micro, 1) 17092; 2) 17099,5,9,DADRA & NAGAR HAVELLI,11-11-2019,465
8058316,MEHEK ENTERPRISE,General,Male,No,Proprietary, 1) KUMBHARWADI POST NAROLI SILVASSA SILVASSADADRA AND NAGAR HAVELLIDADAR AND NAGAR HAVELI,"KUMBHARWADI, POST NAROLI, NAROLI, SILVASSA, DADRA NAGAR HAVELI",DADAR AND NAGAR HAVELI,DADRA AND NAGAR HAVELLI,396235,15-11-2019,Manufacturing,Micro, 1) 32909,5,1,DADRA & NAGAR HAVELLI,20-11-2019,465
8072014,MOHAN STONE DEPOT PRIVATE LIMITED,General,Male,No,Private Limited Company," 1) S NO. 255/1/7, AT VILLAGE ATHAL SILVASSA DADRA NAGAR HAVELIDADRA AND NAGAR HAVELLIDADAR AND NAGAR HAVELI","S NO. 255/1/7, PLOT NO. 18 AT VILLAGE ATHAL, SILVASSA 396230",DADAR AND NAGAR HAVELI,DADRA AND NAGAR HAVELLI,396230,04-10-2019,Manufacturing,Small, 1) 23960,21,95,DADRA & NAGAR HAVELLI,21-11-2019,465
8079181,Shree Sainath Transport Co.,General,Male,No,Partnership, 1) House No:301/6 Shree Sainath Transport Co. Silvassa SilvassaDADRA AND NAGAR HAVELLIDADAR AND NAGAR HAVELI,"Booking House No: 301/6, Near Sai Baba Mandir, Silvassa-396230",DADAR AND NAGAR HAVELI,DADRA AND NAGAR HAVELLI,396230,18-01-2018,Services,Micro, 1) 49231,4,1,DADRA & NAGAR HAVELLI,22-11-2019,465
8127309,SHREE SWAMI TRANSPORT,General,Male,No,Proprietary, 1) FLAT NO A-203 GOVINDA COMMERCIAL COMPLEX SILVASSA SILVASSADADRA AND NAGAR HAVELLIDADAR AND NAGAR HAVELI,FLAT NO A-203 GOVINDA COMMERCIAL COMPLEX BAVISA FALIYA SILVASSA,DADAR AND NAGAR HAVELI,DADRA AND NAGAR HAVELLI,396230,01-04-2017,Services,Micro, 1) 52293; 2) 32909; 3) 82990,2,5,DADRA & NAGAR HAVELLI,29-11-2019,465
8110974,TEJAS COMMUNICATION,General,Male,No,Proprietary, 1) SHOP NO 1 NEAR JALARAM TEMPLE NAKA SILVASSADADRA AND NAGAR HAVELLIDADAR AND NAGAR HAVELI,"SHOP NO 1 NEAR JALARAM TEMPLE,KILAVNI NAKA,SILVASSA 396230.",DADAR AND NAGAR HAVELI,DADRA AND NAGAR HAVELLI,396230,01-04-2019,Services,Micro, 1) 61900,2,2,DADRA & NAGAR HAVELLI,27-11-2019,465
8192698,KAMALESH SAMNIWALA,General,Male,No,Proprietary, 1) PLOT NO 21 SHEETAL INDUSTRIAL ESTATE DADRA VAIA VAPIDADRA AND NAGAR HAVELLIDADAR AND NAGAR HAVELI,"PLOT NO 21, SHEETAL INDUSTRIAL ESTATE , SURVEY NO 260/P, DADRA ,VAIA VAPI ,396193",DADAR AND NAGAR HAVELI,DADRA AND NAGAR HAVELLI,396193,01-04-2018,Manufacturing,Micro, 1) 13997,4,5,DADRA & NAGAR HAVELLI,07-12-2019,465
8049230,NAHIM FOOTWEAR,General,Male,No,Proprietary, 1) 2/246 RANA STREET NANI DAMAN NANIDAMAN DAMANDAMANDAMAN AND DIU,SHOP NO 06 NEAR DMC MARKET KANSARWAD OPP.TAXI STAND NANI DAMAN DAMAN,DAMAN AND DIU,DAMAN,396210,01-08-2019,Services,Micro, 1) 96098,1,5,Moti Daman,19-11-2019,463
8046721,JAY JOGANI ENGINEERS,General,Male,No,Proprietary, 1) H. NO 14-77/F/401 NIKETAN PRIDE NANI DAMAN DAMANDAMANDAMAN AND DIU,"HOUSE NO. 14-77/F/4TH-1, FLAT NO. 401, NIKETAN PRIDE, DILIP NAGAR TINBATTI KATHIRIA, NANI DAMAN, DAMAN",DAMAN AND DIU,DAMAN,396210,01-04-2014,Manufacturing,Small, 1) 28292; 2) 28299; 3) 33200,5,26,Moti Daman,19-11-2019,463
7964077,UNIX COMPUTERS,General,Male,No,Proprietary," 1) 14-183/F-1,2,3,5,6 CHHIBA SHOPPING COMPLEX WING B KUNTA ROAD, NANI DAMAN DAMANDAMANDAMAN AND DIU","H NO 14-183/F-5, CHHIBA SHOPPING COMPLEX WING B, KATHERIA, KUNTA ROAD, NANI DAMAN, DAMAN",DAMAN AND DIU,DAMAN,396210,01-11-2019,Services,Micro, 1) 85500; 2) 62099,7,3,Moti Daman,08-11-2019,463
8083474,Bhanushali Jayesh Chandulal,General,Male,No,Proprietary," 1) Survey No. 644/23, First Floor, Village Dabhel, Nani Daman, DamanDAMANDAMAN AND DIU","Survey No. 644/23, First Floor,  Agrawal industrial Estate, Village Dabhel, Nani Daman, Daman 396215",DAMAN AND DIU,DAMAN,396215,10-06-2015,Manufacturing,Micro, 1) 22209,5,4,Moti Daman,23-11-2019,463
8060965, SAIKRUPA ENTERPRISES,OBC,Male,No,Proprietary, 1) HOUSE NO 105/3 MARWAD NANI DAMAN DAMANDAMANDAMAN AND DIU,HOUSE NO 105/3 MARWAR BHANDARWAD,DAMAN AND DIU,DAMAN,396210,28-07-2017,Manufacturing,Micro, 1) 28221,3,10,Moti Daman,20-11-2019,463
7987300,SAIFUDDIN AZIZ KALLA,General,Male,No,Proprietary, 1) H No O 1/437 Taiyabi Manzil NANI DAMAN DamanDAMANDAMAN AND DIU,"H NO 1/437, TAIYABI MANZIL, ZAPABAR, NANI DAMAN ",DAMAN AND DIU,DAMAN,396210,07-11-2019,Services,Micro, 1) 95210,2,5,Moti Daman,12-11-2019,463
7986596,NARAYAN SEA FOOD,General,Female,No,Proprietary," 1) 1749/9 DHOLA WADI SOUDWADI,WANAKBARA DIUDIUDAMAN AND DIU","1749/9 DHOLA WADI VANAKBARA SOUDWADI, WANAKBARA DIU-362570 DAMAN AND DIU ",DAMAN AND DIU,DIU,362570,01-04-2018,Services,Small, 1) 96098,5,100,Moti Daman,12-11-2019,464
7999113,ARIHANT TECHNOPLAST,General,Male,No,Partnership," 1) GALA NO 9, GR FLOOR, AVIS UDYOG BHAVAN DABHEL NANI DAMANDAMANDAMAN AND DIU; 2) S NO 724/1, GALA NO F-3 AN S-1, I AN II FLOOR, AVIS INDL. EST, DABHEL NANI DAMANDAMANDAMAN AND DIU; 3) GALA NO 11 AVIS UDYOG BHAVAN DABHEL DAMANDAMANDAMAN AND DIU","GALA NO 9, GROUND FLOOR, AVIS UDYOG BHAVAN, RINGANWADA, DABHEL, DAMAN",DAMAN AND DIU,DAMAN,396210,01-04-2008,Manufacturing,Small, 1) 32909,20,144,Moti Daman,13-11-2019,463
8099211,SATYAM PLASTIC,General,Male,No,Partnership," 1) 669-A CLASSIC INDL ESTATE YADAV OMPLEX, DAMANDAMANDAMAN AND DIU","SURVEY NO-168, PLOT NO-107, DABHEL INDL ESTATE,DABHEL, DAMAN",DAMAN AND DIU,DAMAN,396210,13-08-2015,Manufacturing,Small, 1) 22203,8,72,Moti Daman,25-11-2019,463
8180472,Tailoring Work,General,Female,No,Proprietary, 1) 02 Alfala Complex Khariwad Nani DamanDAMANDAMAN AND DIU,02	Alfala Complex   Khariwad	Nani Daman   396210	,DAMAN AND DIU,DAMAN,396210,19-08-2019,Services,Micro, 1) 74101,1,1,Moti Daman,06-12-2019,463
8048921,SIMRAN TECHNOLOGIES,General,Female,No,Proprietary, 1) 73 NEW MANGLAPURI DELHI DELHISOUTH WESTDELHI,73 NEW MAGLAPURI NEAR ANDHERIA MORE ,DELHI,SOUTH WEST,110030,22-08-2017,Services,Small, 1) 96010; 2) 33200,15,25,DELHI,19-11-2019,84
8049229,CREATIVE DESIGN INDIA,General,Male,No,Proprietary," 1) 487/62, NATIONAL MARKET, PASCHIM VIHAR DELHIWESTDELHI","487/62,, NATIONAL MARKET, SHEEESE WALI GALI, , PEERAGARHI, PASCHIM VIHAR, DELHI",DELHI,WEST,110087,19-11-2004,Services,Micro, 1) 74109,9,2,DELHI,19-11-2019,85
8046789,KHUSHI NON WOVENS BAGS,General,Male,No,Proprietary, 1) WZ 407 B/1 BESAI DARAPUR DELHI NEW DELHIWESTDELHI,"WZ 407 B/1 BASAI DARAPUR, NEW DELHI 110015",DELHI,WEST,110015,10-11-2019,Services,Micro, 1) 96098,1,2,DELHI,19-11-2019,85
8046821,SHIVYA SERVICES,General,Male,No,Proprietary," 1) SHOP NO-2 GROUND FLOOR, PLOT NO 700 MUNDKA DELHIWESTDELHI","SHOP NO-2, GROUND FLOOR, PLOT NO 700, SAINI VIHAR, MUNDKA DELHI - 110041",DELHI,WEST,110041,07-03-2019,Services,Micro, 1) 78300,10,3,DELHI,19-11-2019,85
8045419,SUPREME FINISHING,General,Male,No,Proprietary, 1) RZ-108 C GROUNDFLOOR Mahindra Park uttam nagar New DelhiWESTDELHI,wz 91 B near metro pillar no. 430,DELHI,WEST,110027,19-06-1995,Services,Micro, 1) 13131,9,1,DELHI,19-11-2019,85
8045486,SEA GATE FACILITY MANAGEMENT PRIVATE LIMITED,General,Male,No,Private Limited Company," 1) 3rd Flr,Office No D3 Major Nahar Singh Complex, Khasra No-50, Old Gurga Kapashera,South West Delhi NEW DELHISOUTH WESTDELHI","3rd Floor, Office No-D-3, Major Nahar Singh Complex, Khasra No-50, Old Gurgaon Road, Opposite Fun and Food Village, Kapashera,South West Delhi, NEW DELHI",DELHI,SOUTH WEST,110037,03-11-2014,Services,Micro, 1) 80200; 2) 96098; 3) 78100,150,1,DELHI,19-11-2019,84
8045644,Re-Live Yoga,General,Male,No,Partnership, 1) A-119 yojna vihar yojna vihar New delhiEASTDELHI,"A-119, yojna vihar, yojna vihar, yojna vihar, New delhi",DELHI,EAST,110092,05-05-2015,Services,Micro, 1) 79120; 2) 79110,1,1,DELHI,19-11-2019,78
8045647,AROWANA DIGITAL SERVICES LLP,OBC,Male,No,Limited Liability Partnership," 1) A 120/2 F/F FLAT NO SHAHEEN,BAGH,ABULFAZAL PART 2 NEW DELHI DelhiSOUTH DELHI","A 120/2 F/F FLAT NO 102 SHAHEEN,BAGH,ABULFAZAL PART 2,OKHLA NEAR JAMIA N AGAR",DELHI,SOUTH ,110025,19-08-2019,Services,Micro, 1) 62012; 2) 62099,1,1,DELHI,19-11-2019,83
8046062, ASHOKA ELECTRIC WORKS PRIVATE LIMITED,General,Male,No,Private Limited Company, 1) 109 CCA FIRST FLOOR EMPIRE PLAZA MEHRAULI SULTAN PUR NEW DELHINEW DELHIDELHI,109 CCA FIRST FLOOR EMPIRE PLAZA MEHRAULI GURGAON ROAD SULTAN PUR NEW DELHI-110030,DELHI,NEW DELHI,110030,23-01-2012,Services,Small, 1) 82990,27,25,DELHI,19-11-2019,79
8047886,HYDERABAD TRADE EXPOCENTRE PRIVATE LIMITED,General,Female,No,Private Limited Company, 1) HOTEL LAKEVIEW EXPOTEL HYDERABAD HYDERABADHYDERABADTELANGANA,"I-83, LAJPAT NAGAR-II, NEW DELHI - 110024",DELHI,SOUTH ,110024,23-12-2002,Services,Medium, 1) 55101; 2) 55902; 3) 56101; 4) 56210; 5) 56292; 6) 56301; 7) 82300; 8) 82110,31,250,DELHI,19-11-2019,83
8016495,Iggy One Man Band,General,Male,No,Proprietary, 1) H No. 31 - Zambaulim moll QuepemSOUTH GOAGOA,"H No. 31, Zambaulim moll, Quepem Goa- 403705",GOA,SOUTH GOA,403705,15-03-2016,Services,Micro, 1) 82990,1,2,GOA,15-11-2019,552
8023157,CONSISTENT INFRA AND POWER PRIVATE LIMITED,General,Male,No,Private Limited Company, 1) 285/9 EKTA NAGAR BARDEZ MAPUSANORTH GOAGOA,285/9 EKTA NAGAR HOUSING BOARD MAPUSA BARDEZ,GOA,NORTH GOA,403507,01-04-2018,Services,Small, 1) 43219,2,35,GOA,15-11-2019,551
8025925,Trimark System Integrators,General,Male,No,Partnership, 1) OS-13 Sapna Gardens Bardez PorvorimNORTH GOAGOA,OS-13 Sapna Gardens Chogham road Porvorim Bardez  403501,GOA,NORTH GOA,403501,01-07-2019,Services,Small, 1) 43211; 2) 43229; 3) 43214; 4) 71100; 5) 82990,3,25,GOA,16-11-2019,551
8029642,maritime concepts,General,Male,No,Proprietary, 1) 505 Lotus terraces Gogol MargaoSOUTH GOAGOA,"505, Lotus terraces ,opp Sony showroomVidyanagar gogol Margao",GOA,SOUTH GOA,403602,01-04-2000,Services,Micro, 1) 74909,5,5,GOA,16-11-2019,552
8030809,Hoprz,General,Male,No,Proprietary, 1) Milroc TV-4 Reis Magos GOANORTH GOAGOA,"Milroc, TV-4, Reis Magos, Goa- 403109, TV-4, Reis Magos, Reis Magos, GOA",GOA,NORTH GOA,403109,01-11-2019,Services,Micro, 1) 79110; 2) 79120,5,8,GOA,16-11-2019,551
8048772,R.B.KADAM CONSTRUCTIONS,General,Male,No,Proprietary, 1) 45 AKANSHA BUILDING SOUTH GOA SOUTH GOASOUTH GOAGOA,"45, AKANSHA BUILDING, AQUEM ALTO MARGAO",GOA,SOUTH GOA,403601,01-02-2019,Manufacturing,Micro, 1) 42909; 2) 23955; 3) 41003,10,20,GOA,19-11-2019,552
8089894,Poixe Plus,General,Male,No,Proprietary, 1) SHOP NO 129 A SIRLIM DANDVADDO SALCETE MARGAOSOUTH GOAGOA,"SHOP NO 129 A, SIRLIM-DANDVADDO SALCETE",GOA,SOUTH GOA,403725,08-09-2017,Services,Micro, 1) 66309,3,3,GOA,23-11-2019,552
8087402,DREAM KRAFTERS,General,Female,No,Proprietary," 1) 19/111/5B ,SHOP -9 KAMATS MARAO KENNY COMPLEX CARANZALEM PANJIMNORTH GOAGOA","19/111/5B , SHOP -9 ,KAMATS MARAO KENNY COMPLEX,CARANZALEM ROAD, CARANZALEM,NORTH GOA -403002",GOA,NORTH GOA,403002,24-08-2019,Services,Small, 1) 74102,4,25,GOA,23-11-2019,551
7966077,SHREE GANESH INDUSTRIES,SC,Male,No,Proprietary, 1) PLOT NO. 63 PILERNE INDUSTRIAL ESTATE INDUSTRIAL ESTATE BARDEZNORTH GOAGOA,FLAT NO F/2 FIRST. FLOOR SHRUTIKA RESIDENCY NEAR COURT MAPUSA,GOA,NORTH GOA,403507,01-04-2019,Manufacturing,Small, 1) 96098,10,40,GOA,08-11-2019,551
7982367,KENI MARKETING,General,Male,No,Proprietary, 1) - ASSOLNA SALCETE.GOA GOASOUTH GOAGOA,"ASSOLNA, SALCETE.GOA,403701",GOA,SOUTH GOA,403701,11-04-2002,Services,Small, 1) 82990,12,75,GOA,11-11-2019,552
1573765,VIJAY TRADERS,General,NA,NA,Proprietary,NA,"55,  KARTIK NAGAR, OPP. NAROL COURT, NAROL",GUJARAT,AHMADABAD,382405,01/04/2016,Services,Micro, 1) 47591,5,5.00,AHMEDABAD,06/10/2016,438
1573927,SHRI KHODIYAR TRADERS,General,NA,NA,Proprietary,NA,"A1/107,OMKAR RESIDENCY,OPP KALPTARU RESI,B/H RAJDHANITENA.NIRANT CHOKDI,VASTRA,AHMEDABAD-382418",GUJARAT,AHMADABAD,382418,06/10/2016,Services,Micro, 1) 47890,1,1.00,AHMEDABAD,06/10/2016,438
1573957,NAVPAD TEXTILES,General,NA,NA,Hindu Undivided Family,NA,"DINESHKUMAR MAYACHAND SAHA HUF, 28, CHINTAMANI SOCIETY, HIGHWAY ROAD, ACHER, RAMNAGAR, SABARMATI",GUJARAT,AHMADABAD,380005,01/04/2016,Services,Micro, 1) 46411,2,5.00,AHMEDABAD,06/10/2016,438
1573973,RANDAL TRAVELS,General,NA,NA,Proprietary,NA,"SHOP No. 03, GROUND FLOOR,  AKSHARDEEP SHOPING CENTER, VED ROAD, SURAT",GUJARAT,SURAT,395004,20/08/2008,Services,Small, 1) 79110,5,20.00,SURAT,06/10/2016,459
1574039,JAY AMBE CARTING,General,NA,NA,Proprietary,NA,"DASHAMAN FALIYA, BHADA, VALAK, TA-KAMREJ, DIS-SURAT",GUJARAT,SURAT,395008,16/05/2014,Services,Micro, 1) 46632,5,10.00,SURAT,06/10/2016,459
1574055,VINUBHAI GIRDHARBHAI MANGUKIYA,General,NA,NA,Proprietary,NA,"PLOT NO:-38, PATEL IND. SER SOCIETY, B/H. PANDOL IND. SOCIETY, VED ROAD, SURAT.",GUJARAT,SURAT,395004,18/03/2011,Manufacturing,Micro, 1) 13991,6,12.00,SURAT,06/10/2016,459
1574195,MAHADEV ELECTRONIC,General,NA,NA,Proprietary,NA,"SHOP NO.1, BLOCK NO.2, ARJU COPMLEX, JOLVA, VAGRA",GUJARAT,BHARUCH,392001,10/06/2011,Services,Micro, 1) 46529,1,5.00,BHARUCH,06/10/2016,442
1574302,Mulchandani Komalben Sureshkumar,General,NA,NA,Proprietary,NA,"80/4, GIDC Estate, Modern Bakeries Road, Nr V Trans, Naroda GIDC, Ahmedabad. 382330",GUJARAT,AHMADABAD,382330,15/09/2016,Manufacturing,Micro, 1) 32909,20,25.00,AHMEDABAD,06/10/2016,438
1574337,KESHAR BHAVANI TRADERS,General,NA,NA,Proprietary,NA,"H-12 SAMATA SOCIETY , KESHAVNAGAR , NEAR  RTO CIRCLE, SUBHASHBRIDGE ,AHMEDABAD CITY",GUJARAT,AHMADABAD,380027,03/10/2016,Manufacturing,Micro, 1) 28299,1,1.00,AHMEDABAD,06/10/2016,438
1574438,Zodiac global,General,NA,NA,Partnership,NA,"Block B-15 b colony, phase 1 opp hitesh enterprise, g.i.d.c. naroda Ahmedabad -382330",GUJARAT,AHMADABAD,382330,29/03/2013,Manufacturing,Micro, 1) 20297,2,20.00,AHMEDABAD,06/10/2016,438
5197223,GUNJAN SHUTTERING STORE,OBC,Male,No,Proprietary," 1) WARD NO.11 GUNJAN SHUTTERING STORE, NARAINGARH NARAINGARH NARAINGARHAMBALAHARYANA","GUNJAN SHUTTERING STORE, NARAINGARH",HARYANA,AMBALA,134203,01/07/2018,Services,Micro, 1) 77308,2,5.00,AMBALA,10/09/2018,58
5197341,NANDI OIL MILL,General,Female,No,Proprietary, 1) 114 DURJANPUR KAJLAN ROAD KAJLAN ON KAJLAN ROAD HISSARHISARHARYANA,114 DURJANPUR KAJLAN ROAD HISARVILLAGE DURJANPUR,HARYANA,HISAR,125052,31/08/2018,Manufacturing,Micro, 1) 10801,8,11.00,HISAR,10/09/2018,63
5197395,SHAKTI FEED,General,Male,No,Partnership, 1) VILLAGE DANAULI ROAD ASSANDHKARNALHARYANA,VILLAGE  DANAULI TEHSIL ASSANDH ,HARYANA,KARNAL,132039,07/09/2018,Manufacturing,Small, 1) 10802,12,225.00,KARNAL,10/09/2018,67
5197445,DCC BUILDCON PRIVATE LIMITED,General,Male,No,Private Limited Company, 1) DHULL NIWAS BTM ROAD BHIWANI BHIWANIBHIWANIHARYANA; 2) M/S SUGANDHA GROUP H DHIRANA ROAD HALWAS BHIWANIBHIWANIHARYANA,"DHULL NIWAS, B T M ROAD",HARYANA,BHIWANI,127021,01/09/2018,Manufacturing,Micro, 1) 32909; 2) 27900; 3) 43213; 4) 35105,1,24.00,BHIWANI,10/09/2018,59
5197815,RAM NIVAS SHUTTERING STORE,General,Male,No,Proprietary, 1) gali prabhuta nand NEAR PRABHUTA ASHRAM rohtak ROHTAKROHTAKHARYANA,NEAR PRABHUTA ASHRAM JAGDISH COLONY ROHTAK 124001,HARYANA,ROHTAK,124001,31/12/2014,Manufacturing,Micro, 1) 81100,10,15.00,ROHTAK,10/09/2018,73
5198053,MALIK AUTO STORE,General,Male,No,Proprietary, 1) 1 Old Rohtak Road SONIPAT SonepatSONIPATHARYANA,1 Old Rohtak Road Sonipat,HARYANA,SONIPAT,131001,09/09/2017,Services,Micro, 1) 32909,5,5.00,SONIPAT,10/09/2018,75
5198494,Pavni food court,General,Male,No,Proprietary, 1) On Asan Thirana Road Mahayudinpur Thirana Mahayudinpur Thirana PanipatPANIPATHARYANA,Village Mahayudinpur Thirana,HARYANA,PANIPAT,132113,01/01/2018,Services,Micro, 1) 56292,3,2.00,PANIPAT,10/09/2018,71
5198961,Sonia Stamp & stationary,SC,Female,No,Proprietary, 1) 80 Jiwan nagar part 2 Masjid. FaridabadFARIDABADHARYANA,Jiwan nagar part 2  sohna road peer baabaBALLABGARH,HARYANA,FARIDABAD,121004,04/10/2017,Services,Micro, 1) 61101,1,1.00,FARIDABAD,10/09/2018,60
5199396,SONI GENRAL STORE,General,Male,No,Proprietary, 1) SONI GENRAL STORE MAHAVIR MARG NARNAUL NARNAULMAHENDRAGARHHARYANA,SONI GENRAL STORE MAHAVIR MARG NARNAUL,HARYANA,MAHENDRAGARH,123001,01/08/2018,Services,Micro, 1) 74909,2,10.00,Narnaul,11/09/2018,69
5199575,Shree Jee Tiles,General,Male,No,Proprietary, 1) - Shree Jee Tiles Bahadurgarh jhajjarJHAJJARHARYANA,"13/864, Nitin Sharma, 13/864, Lane No-3, Vijay Nagar, Ballour road, near govt College, Bahadurgarh, Bahadurgarh, Jhajjar",HARYANA,JHAJJAR,124507,26/12/2008,Manufacturing,Small, 1) 23952; 2) 42909; 3) 23923,15,85.00,Bahadurgarh,11/09/2018,64
8017765,MANNAT TRANSPORT SERVICE,General,Male,No,Proprietary, 1) 192 BASANTIBAAG SAI  ROAD BADDI BADDISOLANHIMACHAL PRADESH,SAI ROAD BADDI,HIMACHAL PRADESH,SOLAN,173205,14-11-2019,Services,Micro, 1) 49231,1,1,BADDI,15-11-2019,25
8022114,Katna traders,General,Male,No,Proprietary, 1) Opposite bus stand Katna complex Nadaun HamirpurHAMIRPURHIMACHAL PRADESH,House no 90 ward no 1 hiranagar hamirpur,HIMACHAL PRADESH,HAMIRPUR,177001,28-11-2017,Manufacturing,Micro, 1) 25934,4,20,HAMIRPUR,15-11-2019,17
8021171,TAHUK cONSTRUCTION COMPANY PRIVATE LIMITED,General,Male,No,Private Limited Company, 1) VPO-BARSHINI BARSHINI MANIKARAN KULLUKULLUHIMACHAL PRADESH,VPO -BARSHINI TEHSEEL BHUNTER DISTT-KULLU ,HIMACHAL PRADESH,KULLU,175105,06-09-2011,Services,Small, 1) 41001; 2) 41002; 3) 42101; 4) 42903; 5) 42909; 6) 43122; 7) 43123; 8) 56291; 9) 56292,45,35,KULLU,15-11-2019,20
8020378,Krishna Furniture worker,SC,Male,No,Private Limited Company, 1) Ward no 1 Santokhgarh Santokhgarh UnaUNAHIMACHAL PRADESH,Ward no 1 Jatpur VPO Santokhgarh,HIMACHAL PRADESH,UNA,174301,10-01-2002,Services,Small, 1) 82110,3,15,UNA,15-11-2019,26
8027379,chandan,General,Male,No,Proprietary, 1) laced up sidhbari dharamshala dharamshalaKANGRAHIMACHAL PRADESH,sidhbari,HIMACHAL PRADESH,KANGRA,176053,09-09-2019,Services,Micro, 1) 93120,1,2,KANGRA,16-11-2019,18
8028334,Vaishnavi general store,General,Male,No,Proprietary, 1) Azad complex Azad complex Kotkhai KotkhaiSHIMLAHIMACHAL PRADESH,Vaishnavi general store,HIMACHAL PRADESH,SHIMLA,171202,15-11-2019,Manufacturing,Micro, 1) 96098,1,4,SHIMLA,16-11-2019,23
8032171,Tamanna Box industries,OBC,Male,No,Proprietary," 1) Khesra no 421,sec 4 Vill NARYAL Old canter unioun ParwanooSOLANHIMACHAL PRADESH; 2) Khesra no 421 Vill NARYAL Old canter union ParwanooSOLANHIMACHAL PRADESH",Sec 4 Vill NARYAL,HIMACHAL PRADESH,SOLAN,173220,13-12-2012,Manufacturing,Micro, 1) 17023,9,12,PARWANOO,17-11-2019,25
8045648,Bansal fruit juice Shop,SC,Male,No,Proprietary, 1) Village Jhandutta Bansal Fruit Juice Shop Jhandutta JhanduttaBILASPURHIMACHAL PRADESH,VPO &amp; Tehsil Jhandutta Distt Bilaspur ,HIMACHAL PRADESH,BILASPUR,174031,11-03-2019,Services,Micro, 1) 56303,2,5,BILASPUR,19-11-2019,15
7961798,Raveny cyber hub,SC,Male,No,Proprietary, 1) Chopal Chopal Chopal ChopalSHIMLAHIMACHAL PRADESH,"Near sbi , chopal",HIMACHAL PRADESH,SHIMLA,171211,01-03-2018,Services,Micro, 1) 62099,1,1,SHIMLA,08-11-2019,23
7964604,UNNAT BHARTIYA MAHILA SANGATHAN,General,Female,No,Self Help Group, 1) VPO JAKHERA NEAR MEHATPUR UNAUNAHIMACHAL PRADESH,VPO JAKHERA,HIMACHAL PRADESH,UNA,174315,01-11-2019,Manufacturing,Micro, 1) 13999,4,3,UNA,08-11-2019,26
111331,HIND OPTICAL,General,NA,NA,Proprietary,NA,"City Center, sec.-4, Bokaro",JHARKHAND,BOKARO ,827004,06/11/2014,Manufacturing,Micro, 1) 23109,3,1.00,BOKARO ,28/12/2015,322
111339,thakur Enterprises,OBC,NA,NA,Proprietary,NA,C/O niranjan prasad h.no:- 896 Mp sinha lane dahu toli kanke road ranchi jharkhan pin :- 834008,JHARKHAND,RANCHI ,834008,28/12/2015,Services,Micro, 1) 61900,2,1.00,RANCHI ,28/12/2015,339
112534,SAIF ENTERPRISES,OBC,NA,NA,Proprietary,NA,NEW PINDER GORYAPO - CHASPS - CHAS,JHARKHAND,BOKARO ,827013,10/06/2015,Services,Micro, 1) 96092,5,3.00,BOKARO ,28/12/2015,322
113646,KHAWAZA GARIB NAWAZ MAHILA SAMITI,OBC,NA,NA,Co-Operative,NA,"MANMOHAN SINGH CO-OPERATIVE COLLONY PLOT NO.461PO-SECTOR12, PS-SECTOR12",JHARKHAND,BOKARO ,827012,18/07/2008,Manufacturing,Micro, 1) 32909,5,2.00,BOKARO ,29/12/2015,322
115143,JINDAL SAREE,General,NA,NA,Proprietary,NA,"86 L, Appana Line, Sakchi market, Sakchi, Jamshedpur",JHARKHAND,EAST SINGHBHUM,831001,01/06/2014,Services,Small, 1) 47820,5,30.00,EAST SINGHBHUM,29/12/2015,327
115555,SIYA RAM PAPER,General,NA,NA,Proprietary,NA,"BANDHDIH, BALIYAPUR ROAD, GOVINDPUR",JHARKHAND,DHANBAD,828109,10/11/2014,Manufacturing,Micro, 1) 17093,4,4.00,DHANBAD,29/12/2015,325
115557,M/S HINDUSTAN ENGINEERING WORKS (HEMM REPAIRING),OBC,Male,No,Proprietary, 1) MAIN ROAD KARGALI PHUSRO BOKAROBOKARO JHARKHAND,"AT- KARGALI POST- PHUSRO,",JHARKHAND,BOKARO ,829102,29/12/2015,Services,Micro, 1) 45200,3,2.00,BOKARO ,29/12/2015,322
115736,SUSHANT MOBILE SHOP &amp;ELECTRONIC REPAIRING,OBC,NA,NA,Proprietary,NA,BARHI KONRA HAZARIBAGH,JHARKHAND,HAZARIBAG ,825405,16/11/2012,Manufacturing,Micro, 1) 33140,1,1.00,HAZARIBAG ,30/12/2015,332
116560,AMAN ENTERPRISES,General,NA,NA,Proprietary,NA,"VILLAGE - GORE, PO - NAGRA, PS - MANDAR",JHARKHAND,RANCHI ,835205,08/10/2015,Services,Small, 1) 87300,5,50.00,RANCHI ,30/12/2015,339
116628,RAMAN CONFECTIONERY,General,NA,NA,Proprietary,NA,"Katrash Road, Matkuria, Dhanbad",JHARKHAND,DHANBAD,826001,10/11/2015,Manufacturing,Micro, 1) 10732,8,5.00,DHANBAD,30/12/2015,325
1012121,S R INDUSTRIES,General,NA,NA,Proprietary,NA,"No.21, 1st Floor, Sy. No. 92/1, Gerupalya, Kumbalgud, Bangalore",KARNATAKA,BENGALURU (RURAL),560074,17/06/2016,Manufacturing,Micro, 1) 15201,9,18.00,BANGALORE (RURAL),12/07/2016,526
1012136,N.R.I. Furniture,OBC,NA,NA,Proprietary,NA,"No.423, Mahadevpura Main Road, Shanthinagar, Mysuru.",KARNATAKA,MYSURU,570019,08/03/2013,Manufacturing,Micro, 1) 31001,5,8.00,MYSORE,12/07/2016,545
1012154,TULAJA BHAVANI ELECTRICAL SHOP,SC,NA,NA,Proprietary,NA,"NO.19, C CROSS, 1ST MAIN ROAD, SRIGANDHANAGAR MAIN ROAD, HEGGANALLI, PEENYA LIND STAGE, BENGALURU",KARNATAKA,BENGALURU (URBAN),560091,01/06/2016,Services,Small, 1) 47594,15,25.00,BANGALORE (URBAN),12/07/2016,525
1012180,SHEKAR CENTRING WORKS,SC,NA,NA,Proprietary,NA,"NO.240, 2ND MAIN, 1ST CROSS, HESARAGHATTA MAIN ROAD, NAGASANDRA (P), BANGALORE",KARNATAKA,BENGALURU (URBAN),560073,01/06/2016,Manufacturing,Micro, 1) 43299,10,25.00,BANGALORE (URBAN),12/07/2016,525
1012199,Attar Tailoring shop,OBC,NA,NA,Proprietary,NA,W/o: Dastagir Attar Galli Raybag Belagavi,KARNATAKA,BELAGAVI,591317,24/07/2000,Manufacturing,Micro, 1) 13122,1,1.00,BELGAUM,12/07/2016,527
1012222,S. S. PLASTIC,General,NA,NA,Proprietary,NA,"ISHWAR NAGAR BY PAS BRIDGE, NEAR TOLGATE SERVICE ROAD, OLD HUBLI, HUBLI",KARNATAKA,DHARWAD,580024,20/05/2013,Services,Micro, 1) 46693,2,4.00,DHARWAD,12/07/2016,536
1012530,REAL PRO ENGINEERING PRODUCTS PVT LTD,General,NA,NA,Private Limited Company,NA,"No. A 360, 1ST MAIN ROAD, 1ST STAGE PEENYA INDUSTRIAL AREA BANGALORE -560 058",KARNATAKA,BENGALURU (RURAL),560058,29/07/2010,Manufacturing,Micro, 1) 28223; 2) 28229; 3) 28299,8,15.00,BANGALORE (RURAL),12/07/2016,526
1012715,CENTRE FOR HUMAN HABITAT,General,NA,NA,Proprietary,NA,No 26/1 3RD MAIN HOSAPALYA BOMMANAHALLI POST BANGALORE,KARNATAKA,BENGALURU (URBAN),560068,02/05/2016,Services,Micro, 1) 71100,3,5.00,BANGALORE (URBAN),13/07/2016,525
1012835,M/s P. R ENTERPRISES,General,NA,NA,Proprietary,NA,"No.411, K.NARAYANAPURA MAIN ROAD, NEAR KRISTU JAYANTHI COLLEGE, K.NARAYANAPURA , BANGALORE",KARNATAKA,BENGALURU (URBAN),560077,01/07/2016,Services,Micro, 1) 45200; 2) 45300; 3) 45401; 4) 45402; 5) 45403; 6) 68100; 7) 68200; 8) 77100,5,7.00,BANGALORE (URBAN),13/07/2016,525
1012929,KOHINOOR WOODS,OBC,NA,NA,Proprietary,NA,"NO 933 OPP FOREST RANGE OFFICE KOLAR MAIN ROAD KARAHALLI, BANGARPET",KARNATAKA,KOLAR,563114,12/07/2016,Manufacturing,Micro, 1) 31001; 2) 31009,10,25.00,KOLLAR,13/07/2016,542
8015978,UNIVERSAL TRADERS,OBC,Male,No,Proprietary, 1) AREECODE ROAD 7/346 KP BUILDING MALAPPURAM MALAPPURAMMALAPPURAMKERALA,KARUVAMBRAMPOMANJERIMUNICIPALITY,KERALA,MALAPPURAM,676123,04-02-2013,Services,Small, 1) 96098,15,40,MALAPPURAM,15-11-2019,562
8016077,grameen tailoring,General,Female,No,Proprietary, 1) 363 vathikudy thopramkudy thopramkudyIDUKKIKERALA,chukkananiyilthopramkudy,KERALA,IDUKKI,685609,15-09-2019,Services,Micro, 1) 14105,1,1,IDUKKI,15-11-2019,556
8018916,T COM ASSOSIATES,General,Male,No,Proprietary, 1) MYTHRI NAGAR 103 ASRAMAM KOLLAM KOLLAMKOLLAMKERALA,"CHOTHI VILASOM, ASRAMAM, KOLLAM",KERALA,KOLLAM,691002,04-11-2019,Manufacturing,Micro, 1) 56291,12,5,KOLLAM,15-11-2019,559
8016705,AMMA HONEY,OBC,Male,No,Proprietary, 1) 6/120/2 THRITHWA BHAVAN ANCHAMADA TRIVANDRUMTHIRUVANANTHAPURAMKERALA,"THRITHWA BHAVAN,ANCHAMADA,VATTIYOORKAVU PO",KERALA,THIRUVANANTHAPURAM,695513,15-07-2016,Manufacturing,Micro, 1) 10799,2,2,THIRUVANANTHAPURAM,15-11-2019,565
8016787,APARNA BUSINESS GROUP,OBC,Male,No,Proprietary," 1) UDAYAPURAM KODOTH P.O KODOTH, ANANDASHRAM (VIA) KASARAGODKASARAGODKERALA","APARNA BUSINESS GROUP, UDAYAPURAM, KODOTH PO, ANANDASHRAM(VIA) KASARAGOD DIST.",KERALA,KASARAGOD,671531,01-04-2008,Manufacturing,Small, 1) 43900,5,100,KASARAGOD,15-11-2019,558
8016908,Sakthi Coconut Industries,General,Male,No,Proprietary, 1) V/240-A Kattakampal Gramapanchayat Perumthuruthy ThrissurTHRISSURKERALA,"Reji K S, Kizhissery House, Cheruthuruthy, P O Perumthuruthy, Thrissur 680524",KERALA,THRISSUR,680524,06-11-2019,Manufacturing,Micro, 1) 10402,3,5,THRISSUR,15-11-2019,566
8016174,Amma Bakery,General,Male,No,Proprietary, 1) IV/25 Vallathole Nagar Gramapanchayat Nr Cheruthuruthy Bridge ThrissurTHRISSURKERALA,"Devarajan K, S/o. Krishnan K, Kundil House, Cheruthuruthy P O, Thrissur 679531",KERALA,THRISSUR,679531,03-05-2016,Manufacturing,Micro, 1) 10719,4,5,THRISSUR,15-11-2019,566
8016326,SOURRA INTERIALS,OBC,Male,No,Proprietary, 1) NP XV-455 NARATH PANCHAYATH KANNADIPPARAMABA KANNURKANNURKERALA,"SARATHCHANDRA NIVAS, THUNDICHAL,CHELERI, KANNUR-670604",KERALA,KANNUR,670604,03-12-2015,Manufacturing,Micro, 1) 31001,1,5,KANNUR,15-11-2019,557
8016530,ABDUL RAHIMAN ERAYATH VADAKKE PURAYIL,OBC,Male,No,Proprietary," 1) V/317 ,318 KALLETTUMKADAVU KALLETTUMKADAVU RAMANTHALIKANNURKERALA",P O RAMANTHALI ,KERALA,KANNUR,670308,15-10-2019,Manufacturing,Micro, 1) 10711,2,4,KANNUR,15-11-2019,557
8017871,S S TRADERS,OBC,Male,No,Proprietary, 1) 16/188-F S S TRADERS AROOR AROORALAPPUZHAKERALA,"S S TRADERS,AROOR",KERALA,ALAPPUZHA,688534,01-11-2019,Manufacturing,Micro, 1) 13999,2,15,ALAPPUZHA,15-11-2019,554
4319589,ALI KANDOODUGE,OBC,Male,No,Proprietary, 1) BODUATHIRI VILLAGE MINICOY ISLAND BODUATHIRI VILLAGE MINICOYLAKSHADWEEP DISTRICTLAKSHADWEEP,ALI KANDOODUGE BODUATHIRI VILLAGE MINICOY ISLAND UT OF LAKSHADWEEP 682559,LAKSHADWEEP,LAKSHADWEEP DISTRICT,682559,03/01/2018,Manufacturing,Micro, 1) 43900; 2) 43299; 3) 25111; 4) 25112; 5) 25119; 6) 25999,4,10.00,KAVARATTI,14/03/2018,553
5247393,Basmala Furniture & Enterprises,General,Male,No,Proprietary, 1) Ward 4 Near Pokker palli Chemmacheri AndrothLAKSHADWEEP DISTRICTLAKSHADWEEP,"Kunnashada House, Chemmacheri, Androth",LAKSHADWEEP,LAKSHADWEEP DISTRICT,682551,28/03/2018,Manufacturing,Micro, 1) 31001,5,2.00,KAVARATTI,19/09/2018,553
5288284,Ameen Bags,ST,Female,No,Proprietary, 1) . YAZEEN NIVAS AMINI AMINILAKSHADWEEP DISTRICTLAKSHADWEEP,"YAZEEN NIVAS, KELAPPALLICHERRY, AMINI",LAKSHADWEEP,LAKSHADWEEP DISTRICT,682552,08/06/2014,Manufacturing,Micro, 1) 15121; 2) 14105,9,1.00,KAVARATTI,27/09/2018,553
5346162,BISMILLA COOL BAR,ST,Male,No,Proprietary, 1) . NEAR S S S SCHOOL AMINI AMINILAKSHADWEEP DISTRICTLAKSHADWEEP,AMINI,LAKSHADWEEP,LAKSHADWEEP DISTRICT,682552,02/04/2015,Services,Micro, 1) 56303,1,1.00,KAVARATTI,08/10/2018,553
5355570,Lakshadweep Traders Pvt Ltd,ST,Male,No,Private Limited Company," 1) 903/3A , Puthiyathanoda Building, Near Govt. Press KAVARATTI KAVARATTILAKSHADWEEP DISTRICTLAKSHADWEEP","903/3A ,, Puthiyathanoda Building, Near Govt. Press , M.G Road , Kavaratti Island, 903/3A  kavaratti island, KAVARATTI",LAKSHADWEEP,LAKSHADWEEP DISTRICT,682555,08/12/2016,Manufacturing,Micro, 1) 41001,17,10.00,KAVARATTI,09/10/2018,553
5399328,MOHAMMEDIYA DWEEP SHREE,ST,Female,No,Self Help Group, 1) . KOORMEL HOUSE AMINI AMINILAKSHADWEEP DISTRICTLAKSHADWEEP,"KOORMEL HOUSE, AMINI",LAKSHADWEEP,LAKSHADWEEP DISTRICT,682552,02/08/2017,Manufacturing,Micro, 1) 10719; 2) 10306; 3) 56210,10,1.00,KAVARATTI,16/10/2018,553
6793558,NUNU BZR,ST,Male,No,Proprietary, 1) KEECHERY NEAR POWER HOUSE ANDROTH ISLAND ANDROTHLAKSHADWEEP DISTRICTLAKSHADWEEP,CHEMAYATH NALAKAM HOUSE,LAKSHADWEEP,LAKSHADWEEP DISTRICT,682551,01/05/2019,Services,Micro, 1) 56103,3,4.00,KAVARATTI,16/05/2019,553
7057217,SAMA COOLTECH,ST,Male,No,Proprietary, 1) 3 ALUMASGOTHI HOUSE MINICOY MINICOYLAKSHADWEEP DISTRICTLAKSHADWEEP,"3, ALUMASGOTHI HOUSE, KUDEHI VILLAGE, MINICOY",LAKSHADWEEP,LAKSHADWEEP DISTRICT,682559,23/12/2017,Services,Micro, 1) 95299,2,2.00,KAVARATTI,29/06/2019,553
7164557,MILKYWAY DAIRY FARM,ST,Male,No,Proprietary, 1) WARD NO 1 NEAR GOVT POULTRY FARM ANDROTH ANDROTH ANDROTH ISLANDLAKSHADWEEP DISTRICTLAKSHADWEEP,PALLIPURA HOUSE ANDROTH ISLAND LAKSHADWEEP,LAKSHADWEEP,LAKSHADWEEP DISTRICT,682551,10/04/2019,Services,Small, 1) 75000,12,13.00,KAVARATTI,16/07/2019,553
7189793,ELECTROVISION,ST,Male,No,Proprietary, 1) ELECTROVISION SHABAZ BUILDING LAGOON ROAD KAVARATTI ISLANDLAKSHADWEEP DISTRICTLAKSHADWEEP,"ELECTROVISION, SHABAZ BUILDING, KACHERI JUNCTION, LAGOON ROAD, KAVARATTI ISLAND",LAKSHADWEEP,LAKSHADWEEP DISTRICT,682555,23/02/2006,Services,Micro, 1) 95210,8,5.00,KAVARATTI,20/07/2019,553
6170812,D.S. TOURS & TRAVELS ,General,Male,No,Proprietary, 1) ROOM NO 171 KOYINA MATA CHAWL DINDOSHI ROAD GOREGAON EAST MUMBAIMUMBAI SUBURBANMAHARASHTRA,"ROOM NO 171, KOYINA MATA CHAWL,  DINDOSHI ROAD, NEAR OBEROI MALL, GOREGAON EAST",MAHARASHTRA,MUMBAI SUBURBAN,400063,15/03/2015,Services,Micro, 1) 79110,1,1.00,MUMBAI SUBURBAN,11/02/2019,483
6170821,K G N PHOOL BHANDAR,General,Male,No,Proprietary, 1) 63 . BALIRAM PETH JALGAONJALGAONMAHARASHTRA,63 SATARA NO SHALE JAWAL BALIRAM PETH JALGAON,MAHARASHTRA,JALGAON,425001,01/01/2018,Services,Micro, 1) 96091,2,1.00,JALGAON,11/02/2019,478
6170829,Archana Transport,General,Male,No,Proprietary," 1) Flat No. 104, Morya Housing Society 3 Chinchwad PunePUNEMAHARASHTRA","Flat No. 104, Morya Housing Society 3, Vetal Nagar, Building No a-10, Chinchwad",MAHARASHTRA,PUNE,411033,10/04/2018,Services,Micro, 1) 49231,5,7.00,PUNE,11/02/2019,490
6170845,SHAMBHU TRADING COMPANY,General,Male,No,Proprietary, 1) Nageshwar upbajar Moshi Moshi MoshiPUNEMAHARASHTRA,Nageshwar upbajar Moshi pune 412105,MAHARASHTRA,PUNE,412105,13/01/2014,Services,Micro, 1) 56102,5,7.00,PUNE,11/02/2019,490
6170863,DIGITAL COMPUTERS,SC,Male,No,Proprietary, 1) PLOT NO.5 SHRISAI NIWAS NEW RAILWAY STATION SANGLISANGLIMAHARASHTRA,PLOT N0.5 SHRISAI NIWAS NEW RAILWAY STATION BRIDGE SANGLI 416416,MAHARASHTRA,SANGLI,416416,14/06/2004,Manufacturing,Micro, 1) 26209,2,5.00,SANGALI,11/02/2019,493
6170871,Gajraj Mens Parler,OBC,Male,No,Proprietary, 1) GALA NO 1 CHAPADGOAN CHAPADGON SHEVGAONAHMEDNAGARMAHARASHTRA,"AT PO-CHAPADGON, TAL.SHEVGAON, DIST.AHMEDNAGAR",MAHARASHTRA,AHMEDNAGAR,414503,06/02/2001,Services,Micro, 1) 96020,1,5.00,AHMEDNAGAR,11/02/2019,466
6170892,NIDHI ENTERPRISES,General,Female,No,Proprietary, 1) S NO 38/296 LAXMINAGAR NEAR SAPTASHRUNGI MATA MANDIR PARVATI PUNEPUNEMAHARASHTRA,S NO 38/296 LAXMINAGAR NEAR SAPTASHRUNGI MATA MANDIR PARVATI PUNE ,MAHARASHTRA,PUNE,411009,01/01/2019,Services,Micro, 1) 85212,1,1.00,PUNE,11/02/2019,490
6170908,A1 KIRANA BAKERY GENERAL STORE ,General,Male,No,Proprietary," 1) K 233 A, JIJAMATA WELFARE SOCIETY AMBOJIWADI AZAD NAGAR OPP USMANIYA MASJID MALAD WEST MUMBAIMUMBAI SUBURBANMAHARASHTRA","K 233 A, JIJAMATA, WELFARE SOCIETY, AMBOJIWADI AZAD NAGAR, AMBDEKAR ROAD NR MONIYA MASJID USMANIYA MASJID MALAD WEST MUMBAI 400095",MAHARASHTRA,MUMBAI SUBURBAN,400095,01/04/2018,Services,Micro, 1) 52109,3,2.00,MUMBAI SUBURBAN,11/02/2019,483
6170917,Aquacon Projects,General,Male,No,Proprietary," 1) S.No-3, Jamil Nasheman Chawl,Opp. Masjid Bhandup-West MumbaiMUMBAI SUBURBANMAHARASHTRA","S.No-3, Jamil Nasheman Chawl, Opp. Masjid , Gavdevi Road, Bhandup-West, Mumbai-400078",MAHARASHTRA,MUMBAI SUBURBAN,400078,01/02/2019,Manufacturing,Micro, 1) 13121,5,5.00,MUMBAI SUBURBAN,11/02/2019,483
6170918,JCR Industries,General,Male,No,Proprietary, 1) 7 Oswal Industrial Estate Waliv Vasai EastPALGHARMAHARASHTRA,"7, Oswal Industrial Estate, Dhumal Nagar , Vasai (East)",MAHARASHTRA,PALGHAR,401208,01/09/2016,Manufacturing,Small, 1) 27900,10,40.00,PALGHAR,11/02/2019,665
8018693,M/S PINK ENTERPRISE,General,Female,No,Proprietary," 1) 00 THANGMEIBAND B.G. SHOPPING CENTER, OPP. D.M. COLLEGE GATE IMPHALIMPHAL WESTMANIPUR",THANGMEIBAND,MANIPUR,IMPHAL WEST,795001,09-02-2016,Manufacturing,Micro, 1) 14101,10,5,IMPHAL WEST,15-11-2019,256
8017006,Shubon Enterprise,OBC,Male,No,Proprietary, 1) Chanam Sandrok Leikai ImphalIMPHAL EASTMANIPUR,Chanam Sandrok Bamon Leikai,MANIPUR,IMPHAL EAST,795008,02-02-2017,Services,Micro, 1) 10614; 2) 20237,2,3,IIMPHAL EAST,15-11-2019,255
8028075,M/S. REENA WHOLESALE & SUPPLIER,General,Female,No,Proprietary, 1) BRAHMAPUR CHUNGKHAM LEIKAI BRAHMAPUR IMPHALIMPHAL EASTMANIPUR,BRAHMAPUR CHUNGKHAM LEIKAI,MANIPUR,IMPHAL EAST,795001,10-10-2016,Manufacturing,Micro, 1) 14105; 2) 32909,25,8,IIMPHAL EAST,16-11-2019,255
8028328,M/S. Mahendi Tailoring,General,Female,No,Proprietary, 1) N/A Tarahei Konjil Heiyanthang ImphalIMPHAL WESTMANIPUR,"Tarahei Konjil, Heiyanthang",MANIPUR,IMPHAL WEST,795009,01-02-2017,Manufacturing,Micro, 1) 14101,5,2,IMPHAL WEST,16-11-2019,256
8048348,M/s. RR AGENCY,General,Female,No,Proprietary," 1) 146 SINGJAMEI WANGMA KSHETRI LEIKAI, PUKHRAMBAM LEIRAK SINGJAMEI WANGMA KSHETRI LEIKAI, PUKHRAMBAM LEIRAK IMPHALIMPHAL EASTMANIPUR","SINGJAMEI WANGMA KSHETRI LEIKAI, PUKHRAMBAM LEIRAK",MANIPUR,IMPHAL EAST,795001,14-03-2012,Services,Small, 1) 82990; 2) 71100; 3) 22204; 4) 95111; 5) 20299,10,20,IIMPHAL EAST,19-11-2019,255
8086558,M/S Angolei Saw Mill,General,Male,No,Proprietary, 1) Nill Wangoo Sandangkhong Leikai Wangoo Sandangkhong Leikai KakchingTHOUBALMANIPUR,Wangoo Sandangkhong Leikai	,MANIPUR,THOUBAL,795103,15-09-2018,Services,Micro, 1) 16109,5,10,THOUBAL,23-11-2019,259
8090963,Dina kamei,ST,Female,No,Proprietary, 1) Noney Longmai Longmai Bazar ImphalNONEYMANIPUR,Longmai,MANIPUR,TAMENGLONG,795159,02-07-2019,Services,Micro, 1) 33121,2,1,TAMENGLONG,24-11-2019,258
8088823,M/S DOREN FREEWAY,General,Male,No,Proprietary," 1) 00 KWAKEITHEL BAZAR, NEAR TRAFFIC POINT KWAKEITHEL BAZAR, NEAR TRAFFIC POINT IMPHAL WESTIMPHAL WESTMANIPUR","KWAKEITHEL BAZAR, NEAR TRAFFIC POINT	",MANIPUR,IMPHAL WEST,795001,02-02-2015,Manufacturing,Micro, 1) 14101; 2) 96092; 3) 74101; 4) 13139; 5) 31002,20,10,IMPHAL WEST,23-11-2019,256
8090646,Friends enterprises,General,Male,No,Proprietary, 1) Singjamei Top Leikai Singjamei Singjamei Bazar ImphalIMPHAL WESTMANIPUR,Singjamei Top Leikai,MANIPUR,IMPHAL WEST,795008,06-08-2018,Manufacturing,Micro, 1) 14301,25,15,IMPHAL WEST,24-11-2019,256
7964337,M/S NEINU GENERAL STORE,ST,Female,No,Proprietary, 1) KANGPOKPI KANGPOKPI WARD NO. 8 KANGPOKPI IMPHALSENAPATIMANIPUR,KANGPOKPI WARD NO. 8,MANIPUR,SENAPATI,795129,01-07-2001,Services,Micro, 1) 96098,3,5,SENAPATI,08-11-2019,257
8047452,M/s Nokmechik ,ST,Female,No,Proprietary, 1) 16 Megonggre Rongkhon TuraWEST GARO HILLSMEGHALAYA,"Megonggre, Rongkhon,P.O. Candmari",MEGHALAYA,WEST GARO HILLS,794002,22-07-2019,Manufacturing,Micro, 1) 16296,2,1,WEST GARO HILLS,19-11-2019,278
8005323,M/s K.K Motor Parts & Workshop,ST,Male,No,Proprietary," 1) Morop Bazaar Moropgre Moropgre, West Garo Hills TuraWEST GARO HILLSMEGHALAYA","Moropgre, Ganchudari, West Garo Hills",MEGHALAYA,WEST GARO HILLS,794103,10-05-2018,Services,Micro, 1) 33133,4,2,WEST GARO HILLS,14-11-2019,278
7997088,READINGTON OFFSET PRINTING PRESS,ST,Male,No,Proprietary, 1) - - OPP BANALARI PETROL PUMP SHILLONGEAST KHASI HILLSMEGHALAYA,"MAWIONGRIM, OPP BANLARI PETROL PUMP",MEGHALAYA,EAST KHASI HILLS,793016,24-08-2019,Manufacturing,Small, 1) 18111,5,49,EAST KHASI HILLS,13-11-2019,274
8065607,Batteries Global,General,Male,No,Proprietary, 1) 20 - Tura WEST GARO HILLSWEST GARO HILLSMEGHALAYA,"20, Upper Wadanang, Tura,.",MEGHALAYA,NORTH GARO HILLS,794001,20-11-2019,Services,Micro, 1) 82990,2,1,NORTH GARO HILLS,21-11-2019,656
8074851,GREENERGY,ST,Male,No,Proprietary, 1) Ferndale Complex Shillong Shillong ShillongEAST KHASI HILLSMEGHALAYA,"East Khasi Hills, Shillong-793001, Meghalaya",MEGHALAYA,EAST KHASI HILLS,793001,01-10-2012,Services,Micro, 1) 82990,4,1,EAST KHASI HILLS,22-11-2019,274
7960139,KIBORD,ST,Female,No,Proprietary, 1) No Pattia SR Complex Balading TuraWEST GARO HILLSMEGHALAYA,Balading,MEGHALAYA,WEST GARO HILLS,794001,01-10-2019,Services,Micro, 1) 85221,2,3,WEST GARO HILLS,07-11-2019,278
7987181,CELL CITY,General,Male,No,Proprietary, 1) Cell City Cell City Keating Road ShillongEAST KHASI HILLSMEGHALAYA,"Cell City, Cell City, Keating Road, Keating Road, Shillong",MEGHALAYA,EAST KHASI HILLS,793001,01-03-2015,Services,Micro, 1) 74909,1,10,EAST KHASI HILLS,12-11-2019,274
7982811,MEGHALAYA PLYWOOD INDUSTRIES,General,Male,No,Partnership," 1) - MEGHALAYA PLYWOOD INDUSTRIES,UMIAM INDUSTRIAL AREA MIDC ROAD, BARAPANI, RIBHOIRI BHOIMEGHALAYA","MEGHALAYA PLYWOOD INDUSTRIES UMIAM INDUSTRIAL AREA, MIDC ROAD, BARAPANI, DIST- RIBHOI, MEGHALAYA, 793103",MEGHALAYA,RI BHOI,793103,01-02-2019,Manufacturing,Small, 1) 16213,28,200,RI-BHOI,11-11-2019,276
8119183,SWARAN AUTOMOBILES,General,Female,No,Proprietary," 1) D/O- MUNIRAM BORO DANGSUBIL, DIMAPARA SOUTH GARO HILLS MEGHALAYASOUTH GARO HILLSMEGHALAYA","D/O-MUNIRAM BORO,24 DANGSUBIL DIMAPARA KAMASIPARA",MEGHALAYA,SOUTH GARO HILLS,794103,01-11-2019,Services,Micro, 1) 49229,2,5,SOUTH GARO HILLS,28-11-2019,277
8205636,FAMILY DENTAL CARE,ST,Male,No,Proprietary, 1) - LINKS COMPLEX MAWLAI UMJAIUR SHILLONGEAST KHASI HILLSMEGHALAYA,"LINKS COMPLEX, OPP TVS SHOWROOM, MAWLAI UMJAIUR",MEGHALAYA,EAST KHASI HILLS,793008,20-08-2019,Services,Micro, 1) 86202,7,10,EAST KHASI HILLS,09-12-2019,274
8016250,Marthi Tailoring,OBC,Female,No,Proprietary, 1) Phaileng Solomon Prophul Building Phaileng PhailengMAMITMIZORAM,"Phaileng, Mamit",MIZORAM,MAMIT,796431,05-11-2019,Manufacturing,Micro, 1) 14105,3,5,MAMIT,15-11-2019,266
8017945,Suzen Tailoring,ST,Female,No,Proprietary, 1) Chawngtlai Veng Hmartluanga Building Serchhip SerchhipSERCHHIPMIZORAM,"Chawngtlai Veng, Serchhip Mizoram",MIZORAM,SERCHHIP,796181,06-11-2019,Manufacturing,Micro, 1) 14105,3,5,SERCHIP,15-11-2019,268
7981084,Shades Beauty Salon,ST,Female,No,Proprietary, 1) Dawrpui Vankhama Building Dawrpui AizawlAIZAWLMIZORAM,"Dawrpui, Aizawl Mizoram",MIZORAM,AIZAWL,796001,05-11-2019,Services,Micro, 1) 96020,4,5,AIZAWL,11-11-2019,261
8008320,TZI TAILORING,ST,Female,No,Proprietary, 1) LUANGMUAL LALMUANPUII BUILDING LUANGMUAL AIZAWLAIZAWLMIZORAM,"LUANGMUAL, AIZAWL, MIZORAM",MIZORAM,AIZAWL,796009,05-11-2019,Manufacturing,Micro, 1) 14105,3,5,AIZAWL,14-11-2019,261
7954872,Samuel Enterprise ,ST,Female,No,Proprietary, 1) Ground Floor A42 Millennium Centre Dawrpui AizawlAIZAWLMIZORAM,"Ground Floor A42, Dawrpui Aizawl",MIZORAM,AIZAWL,796001,28-05-2008,Services,Micro, 1) 96094,2,5,AIZAWL,07-11-2019,261
7997006,Vl Industry,ST,Female,No,Proprietary, 1) NA VL Industry Durtlang Vengthar AizawlAIZAWLMIZORAM,"F- 109, Jamplus Street, Chanmari",MIZORAM,AIZAWL,796001,25-07-2007,Manufacturing,Small, 1) 11043,35,250,AIZAWL,13-11-2019,261
8092448,Khanpui Multipurpose Cooperative Society Ltd.,ST,Male,No,Co-Operative, 1) 1 Khanpui Khanpui AizawlAIZAWLMIZORAM,Khanpui,MIZORAM,AIZAWL,796017,30-10-1980,Manufacturing,Micro, 1) 66309,1,1,AIZAWL,24-11-2019,261
8060012,Vocational School of Education,ST,Male,No,Proprietary, 1) NA John Rotluangliana Building Chaltlang AizawlAIZAWLMIZORAM,Chaltlang Venglai,MIZORAM,AIZAWL,796012,01-03-2017,Services,Small, 1) 85221; 2) 14109,25,20,AIZAWL,20-11-2019,261
8067184,REBEK ENTERPRISE,ST,Female,No,Proprietary, 1) H NO-031 T LALMUANA AIZAWL AIZAWLAIZAWLMIZORAM,TLANGNUAM,MIZORAM,AIZAWL,796001,01-11-2019,Services,Micro, 1) 96020,1,1,AIZAWL,21-11-2019,261
8077496,TC COMPUTECH,ST,Male,No,Proprietary, 1) Flat 1 Bawngkawn Aizawl AizawlAIZAWLMIZORAM,Bawngkawn Aizawl,MIZORAM,AIZAWL,796014,18-01-2018,Services,Micro, 1) 95111,1,1,AIZAWL,22-11-2019,261
8029913,repalepden Feeds Unit,General,Male,No,Proprietary, 1) H.No.292 Mongsenyimti Village Mongsenyimti MokokchungMOKOKCHUNGNAGALAND,H.No.292Mongsenyimti,NAGALAND,MOKOKCHUNG,798614,15-12-1964,Manufacturing,Micro, 1) 10809,3,1,MOKOKCHUNG,16-11-2019,246
8029984,M/S LI ENTERPRISE,ST,Female,No,Proprietary, 1) H / No. 32 Duncan Bosti Dimapur DimapurDIMAPURNAGALAND,"Duncan Bosti  H / No. 32, Dimapur Nagaland-797112",NAGALAND,DIMAPUR,797112,15-11-2019,Manufacturing,Small, 1) 32909,25,35,Dimapur,16-11-2019,244
7993533,Zatara Pvt. Ltd,General,Female,No,Private Limited Company, 1) GB - 179 Indisen Village Indisen DimapurDIMAPURNAGALAND,"GB-179, Indisen Village, Dimapur ",NAGALAND,DIMAPUR,797113,23-09-2013,Manufacturing,Small, 1) 10305; 2) 10795; 3) 10306,20,40,Dimapur,12-11-2019,244
7996555,Goods carrier service,ST,Male,No,Proprietary, 1) JAKHAMA block House no. 145 SAKHABAMA village KohimaKOHIMANAGALAND,"C/o Kikrocho Yongo, Govt. High School, Sakhabama Village, Kohima : Nagaland",NAGALAND,KOHIMA,797001,10-10-2019,Services,Micro, 1) 52292,1,1,KOHIMA,13-11-2019,245
8060897,VOICE COMMUNE,General,Male,No,Proprietary, 1) H/O. H. ZEALING DHOBI NALA DIMAPUR DIMAPURDIMAPURNAGALAND,"VOICE COMMUNE, T.S. ARCADE, N.L. ROAD, DIMAPUR",NAGALAND,DIMAPUR,797112,14-03-2002,Services,Small, 1) 62099; 2) 61102; 3) 96098,8,60,Dimapur,20-11-2019,244
8075561,semtrack,ST,Male,No,Proprietary, 1) 357 semtrack lhomithi colony dimapurDIMAPURNAGALAND,"semtrack, 357, opp. Pranabananda Women&#39;s College, lhomithi colony",NAGALAND,DIMAPUR,797112,04-02-2019,Services,Micro, 1) 63112; 2) 61209; 3) 33122,3,1,Dimapur,22-11-2019,244
8002244,m/s Longshithung mini saw mill,ST,Male,No,Private Limited Company, 1) liphi village LIPHI VILLLAGE LIPHI LIPHIWOKHANAGALAND,liphi village	LIPHI VILLLAGE	liphi village	LIPHI,NAGALAND,WOKHA,797111,12-12-2016,Services,Micro, 1) 74909,3,2,WOKHA,13-11-2019,250
7967281,Stone crusher unit,ST,Male,No,Proprietary, 1) - Settsu mokokchung mokokchungMOKOKCHUNGNAGALAND,"Settsu , mokokchung- 798601",NAGALAND,MOKOKCHUNG,798601,22-06-2019,Services,Small, 1) 82990,20,30,MOKOKCHUNG,08-11-2019,246
7983971,GREEN FURNITURES ,ST,Male,No,Proprietary, 1) H/NO-159 CHUMUKEDIMA VILLAGE WARD-7 DIMAPURDIMAPURNAGALAND,"H/NO-159,CHUMUKEDIMA VILLAGE,NH-29,WARD-7,DIMAPUR-797103,NAGALAND",NAGALAND,DIMAPUR,797103,05-02-2013,Manufacturing,Micro, 1) 31001,4,3,Dimapur,11-11-2019,244
8109927,Goods Carrier,General,Male,No,Proprietary, 1) H/NO-10 Kezo Town Kohima KohimaKOHIMANAGALAND,Kezo Town,NAGALAND,KOHIMA,797001,05-09-2019,Services,Micro, 1) 49300,2,2,KOHIMA,27-11-2019,245
8019281,MAA MANGALA VARIETY STORE,OBC,Female,No,Proprietary, 1) SHERAGADA TAKARADA SHERAGADA SHERAGADAGANJAMODISHA,AT-TAKARADA PO-TAKARADA DIST-GANJAM BLUCK-SHERAGADA PIN-761106,ODISHA,GANJAM,761106,10-08-2019,Manufacturing,Micro, 1) 31001,4,2,GANJAM,15-11-2019,354
8016541,BHAGABATI AGRO ENTERPRISE,General,Male,No,Proprietary," 1) PLOT NO- 603/123 AT/PO-CHANDAKA BHUBANESWAR, BHUBANESWARKHORDHAODISHA","PLOT NO- 603/123, AT/PO-CHANDAKA, VIA- BARANGA, BHUBANESWAR, ",ODISHA,KHORDHA,754005,06-05-2014,Services,Small, 1) 33190; 2) 33112; 3) 33124,10,50,KHORDHA,15-11-2019,362
8016607,JASPAL SINGH,General,Male,No,Proprietary, 1) PHD ROAD BHANJA COLONY BARBIL BARBILKENDUJHARODISHA,"PHD ROAD, BHANJA COLONY, BARBIL",ODISHA,KENDUJHAR,758035,14-08-2015,Services,Small, 1) 49231,5,75,KENDUJHAR,15-11-2019,361
8016681,SANATAN ART AND CRAFT TRAINING CENTRE ,OBC,Male,No,Proprietary, 1) BASUDEIPUR JANAKADEIPUR MALATIPATPUR PURIPURIODISHA,"AT-BASUDEIPUR,PO/PS-CHANDANPUR,DIST-PURI,PIN752012",ODISHA,PURI,752012,01-04-2010,Services,Micro, 1) 90003,15,3,PURI,15-11-2019,369
8016786,MAA SARALA DIGITAL,General,Male,No,Proprietary, 1) .. AT- NISCHINTAKOILI PS- NISCHINTAKOILI CUTTACKCUTTACKODISHA,AT+PO+PS- NISCHINTAKOILI,ODISHA,CUTTACK,754207,28-12-2017,Services,Small, 1) 18119,4,35,CUTTACK,15-11-2019,350
8017820,khageswar dalai,General,Male,No,Proprietary, 1) 000 kacheri road lalbag cuttackCUTTACKODISHA,s/o alekha kumar dalai at/ kacheri road chandinichowk ps/ lalbag cuttack pin 753002 odisha,ODISHA,CUTTACK,753002,15-04-2014,Services,Micro, 1) 56102,4,1,CUTTACK,15-11-2019,350
8019579,Deepak Thanapati,OBC,Male,No,Proprietary, 1) Panchamahala Panchamahala Ulunda SonepurSONEPURODISHA,sonepur,ODISHA,SONEPUR,767017,18-02-2014,Services,Micro, 1) 01640,2,10,SONEPUR,15-11-2019,372
8019663,SHOURYA ENTERPRISES,General,Male,No,Proprietary," 1) PLOT NO-696/1 JAYDURGA NAGAR NEAR ICICI BANK, BHOMIKHAL BHUBANESWARKHORDHAODISHA","PLOT NO 696/1, NEAR ICICI BANK, BHOMIKHAL BRANCH , JAYDURGA NAGAR, BHUBANESWAR",ODISHA,KHORDHA,751006,08-08-2017,Services,Micro, 1) 82110,5,10,KHORDHA,15-11-2019,362
8020882,MAA LAXMI FLOUR MILL,General,Male,No,Proprietary," 1) PLOT-1615, RANGAMATIA,UPARASAHI BHUBANESWAR BHUBANESWARKHORDHAODISHA","KRINSHAKUNJA NIVAS,PLOT-2110/3247, LANE NO-06,MAHADEV NAGAR, JHARPADA, BHUBANESWAR,",ODISHA,KHORDHA,751006,14-11-2019,Manufacturing,Micro, 1) 10611,12,25,KHORDHA,15-11-2019,362
8020916,SRIKANTA READY MADE GARMENT,General,Male,No,Proprietary, 1) AT-SADANSA NIALI CUTTACK CUTTACKCUTTACKODISHA,DUTTATOTA PURI 752001,ODISHA,PURI,752001,05-04-2018,Services,Micro, 1) 13121; 2) 77294; 3) 14101,2,2,PURI,15-11-2019,369
8018151,ARCIS INC,General,Male,No,Partnership, 1) 25 19-B ANNA NAGAR PONDICHERRYPONDICHERRYPUDUCHERRY,"25, 19-B, SIXTH CROSS EXTENSION, ANNA NAGAR",PUDUCHERRY,PONDICHERRY,605005,01-11-2019,Manufacturing,Micro, 1) 14101,2,1,PUDUCHERRY,15-11-2019,600
8025499,VIMAL STUDIO,General,Male,No,Proprietary, 1) No.129 (329) MG ROAD VIMAL STUDIO Pondicherry PondicherryPONDICHERRYPUDUCHERRY,"No 129 (329) MG Road , Muthiyalpet Puducherry - 605003",PUDUCHERRY,PONDICHERRY,605003,05-06-2016,Services,Micro, 1) 74209,2,7,PUDUCHERRY,16-11-2019,600
8026436,VIMAL STUDIO,General,Male,No,Proprietary, 1) 106 South Annaikarai street Pondicherry PondicherryPONDICHERRYPUDUCHERRY,No 129 (329) MG ROAD MUTHIYALPET PUDUCHERRY,PUDUCHERRY,PONDICHERRY,605003,05-05-2017,Services,Micro, 1) 74209,2,8,PUDUCHERRY,16-11-2019,600
8047755,Chitra fancy store,General,Female,No,Proprietary, 1) 51 - mudaliarpet PondicherryPONDICHERRYPUDUCHERRY,"51, man Kali Amman koil Street, mudaliarpet , Pondicherry,605004",PUDUCHERRY,PONDICHERRY,605004,05-05-2014,Services,Micro, 1) 82990,2,1,PUDUCHERRY,19-11-2019,600
7963987,B.K TRADERS,General,Male,No,Proprietary, 1) 68 OTTAMPALAYAM MAIN ROAD PUDUCHERRY PUDUCHERRYPONDICHERRYPUDUCHERRY,"68, OTTAMPALAYM MAIN ROAD, OTTAMPALAYAM",PUDUCHERRY,PONDICHERRY,605110,21-10-2019,Services,Micro, 1) 56291,3,1,PUDUCHERRY,08-11-2019,600
7991973,ABINAYA TYRE WORKS,OBC,Male,No,Proprietary, 1) 95 KATTAPILLAI MARAIKAYAR THOTTAM KEEZHAIYUR KARAIKALKARAIKALPUDUCHERRY,"140,NAGORE MAIN ROAD,POOSAIMANDAPAM,NERAVY,KARAIKAL",PUDUCHERRY,KARAIKAL,609606,01-01-1992,Services,Micro, 1) 52219,2,5,KARAIKAL,12-11-2019,598
7991630,ESS EM ENTERPRISES,OBC,Male,No,Proprietary, 1) 7 9th CROSS STREET SARAM POST PUDUCHERRYPONDICHERRYPUDUCHERRY,"7, 9th CROSS STREET,BRINDAVANAM,PUDUCHERRY - 605013",PUDUCHERRY,PONDICHERRY,605013,17-12-2004,Manufacturing,Micro, 1) 10799; 2) 56291,2,10,PUDUCHERRY,12-11-2019,600
8006827,IYYARKAI,OBC,Male,No,Proprietary, 1) 3 SUNDARAMOORTHY VINAYAGAPURAM COMPLEX VILLIANUR PUDUCHERRYPONDICHERRYPUDUCHERRY,"NO.3, SUNDARAMOORTHY VINAYAGAR COMPLEX, VILLUPURAM-PONDY MAIN ROAD, VILLIANUR, PUDUCHERRY - 605 110",PUDUCHERRY,PONDICHERRY,605110,15-08-2016,Services,Micro, 1) 10799; 2) 21009,2,2,PUDUCHERRY,14-11-2019,600
8006181,SADANA ENTERPRISE,SC,Male,No,Proprietary, 1) 4 - PIDARIKUPPAM PUDUCHERRYPONDICHERRYPUDUCHERRY,"4, NEW STREET, PIDARIKUPPAM",PUDUCHERRY,PONDICHERRY,605107,05-01-2018,Services,Micro, 1) 96098; 2) 10409; 3) 10739; 4) 11045,2,1,PUDUCHERRY,14-11-2019,600
8043605,SRI VARSH AUTOMATION,OBC,Male,No,Proprietary, 1) NO.08 METTU STREET PONDICHERRY PONDICHERRYPONDICHERRYPUDUCHERRY,"NO.08, METTU STREET, VILLIANUR",PUDUCHERRY,PONDICHERRY,605110,01-07-2017,Services,Micro, 1) 28299,5,5,PUDUCHERRY,18-11-2019,600
781664,M/s ARORA INDUSTRY,General,NA,NA,Partnership,NA,"OPP. OMAXE CITY, BATHINDA ROAD, GONIANA MANDI-151001",PUNJAB,BATHINDA,151001,28/08/2014,Manufacturing,Small, 1) 13111,25,99.00,BATHINDA,29/05/2016,28
782987,Snow White Woollen Mills Pvt Ltd,General,NA,NA,Public Limited Company,NA,"K-2, Textile Colony, Industrial Area A",PUNJAB,LUDHIANA,141003,19/08/1994,Manufacturing,Micro, 1) 13912,8,6.00,LUDHIANA,30/05/2016,36
783071,MVT International,General,NA,NA,Proprietary,NA,"K-2, Textile Colony, Industrial Area A",PUNJAB,LUDHIANA,141003,05/05/2005,Services,Micro, 1) 46411,3,2.00,LUDHIANA,30/05/2016,36
783355,M/s Shiva Cold Store,General,NA,NA,Proprietary,NA,"C-187-88, Industrial Focal Point Patiala",PUNJAB,PATIALA,147001,09/04/1997,Services,Micro, 1) 52101,50,5.00,PATIALA,30/05/2016,41
783660,TECHIE SAGE,General,NA,NA,Proprietary,NA,TECHIE SAGEDHALIWAL COMPLEX NH - 95 MULLANPUR DAKHAMULLANPUR,PUNJAB,LUDHIANA,141101,13/03/2016,Services,Small, 1) 85500,10,13.00,LUDHIANA,30/05/2016,36
783831,D.D. PROCESSORS,General,NA,NA,Proprietary,NA,"# 1250/1, SARDAR NAGAR, BASTI JOHDEWAL.",PUNJAB,LUDHIANA,141008,07/06/2011,Services,Micro, 1) 13139,7,8.00,LUDHIANA,30/05/2016,36
783898,CONVENIENT PRINTERS,General,NA,NA,Proprietary,NA,"7/2, MUBARAKPUR SHEKHE OLD, HOSHIARPUR ROAD,",PUNJAB,JALANDHAR,144025,24/11/1997,Manufacturing,Small, 1) 18112; 2) 18119,7,40.00,JALANDHAR,30/05/2016,34
784124,JOSHI  SPORTS KAUHRIAN,General,NA,NA,Partnership,NA,"VILLAGE KAUHRIAN, TEHSIL SUNAM",PUNJAB,SANGRUR,148035,01/04/2014,Manufacturing,Micro, 1) 14309,2,2.00,MALERKOTLA,30/05/2016,43
784435,ROYAL FOUNDRY UDYOG,General,NA,NA,Proprietary,NA,"3/3, MUBARAKPUR SHEIKHE INDUSTRIAL AREA, OLD HOSHIARPUR ROAD",PUNJAB,JALANDHAR,144025,02/01/2006,Manufacturing,Small, 1) 28132; 2) 24311,18,40.00,JALANDHAR,30/05/2016,34
785127,ADARSH ENTERPRISES,General,NA,NA,Proprietary,NA,"MUBARAKPUR SHEIKHE, OLD HOSHIARPUR ROAD",PUNJAB,JALANDHAR,144025,21/08/1989,Manufacturing,Micro, 1) 22199,5,4.00,JALANDHAR,30/05/2016,34
691142,KIRAN COLD DRINKS,OBC,NA,NA,Proprietary,NA,"DHANI SUNARAWALI, VILL KHEJROLI, TEH COMU, DIST JAIPUR,RAJASTHAN",RAJASTHAN,JAIPUR,303803,26/04/2016,Services,Small, 1) 56302,2,15.00,JAIPUR RURAL,11/05/2016,102
691323,M\S ANNAPURNA FABRICS,General,NA,NA,Proprietary,NA,"E-242, IIIrd PHASE, INDUSTRIAL AREA, BALOTRA",RAJASTHAN,BARMER,344022,02/05/2003,Manufacturing,Small, 1) 13139,10,30.00,BARMER,11/05/2016,90
691494,SHRI MARUTI NANDAN ENTERPRISES PVT LTD,General,Female,No,Private Limited Company, 1) F-592 RIICO INDUSTRIAL AREA TEHSIL CHOMU JAIPURJAIPURRAJASTHAN; 2) F-43 RIICO INDUSTRIAL AREA TEHSIL CHOMU JAIPURJAIPURRAJASTHAN,F-43 RIICO INDUSTRIAL AREA MANDA TEHSIL CHOMU  JAIPUR 303801 RAJASTHAN,RAJASTHAN,JAIPUR,303801,15/06/2009,Manufacturing,Micro, 1) 22209,10,24.00,JAIPUR RURAL,11/05/2016,102
691560,Laxmi Enterpirses,OBC,NA,NA,Proprietary,NA,"Indrapuri Colony, Jalore",RAJASTHAN,JALORE,343001,01/09/2015,Services,Small, 1) 46524,2,15.00,JALORE,11/05/2016,104
691674,DREAM TECHNOLOGY,General,NA,NA,Proprietary,NA,A-19.3RD FLOOR GTC MALL AJMERI GATE MI ROAD,RAJASTHAN,JAIPUR,302001,06/11/2015,Services,Micro, 1) 62099,1,3.00,JAIPUR URBAN,11/05/2016,102
691707,M/s Ayaaz Stone,General,NA,NA,Proprietary,NA,"Village &amp; Post Suket, Teh. Ramganjmandi, Distt. Kota",RAJASTHAN,KOTA,306459,11/05/2016,Manufacturing,Micro, 1) 23960,8,15.00,KOTA,11/05/2016,109
691804,SAGAR SPEED UDYOG,OBC,NA,NA,Proprietary,NA,"W N 28, SIDHMUKH MOR, RAJGARH",RAJASTHAN,CHURU,331023,11/05/2016,Manufacturing,Micro, 1) 24319,2,2.00,CHURU,11/05/2016,96
691880,METALLIZING EQUIPMENT CO. PVT. LTD.,General,NA,NA,Private Limited Company,NA,"E-101, M.I.A., PHASE II, BASNI, JODHPUR",RAJASTHAN,JODHPUR,342005,16/06/1975,Manufacturing,Medium, 1) 28230,100,697.00,JODHPUR,11/05/2016,107
691955,Universal Services,OBC,NA,NA,Proprietary,NA,"B-35 Ganpati  Mall,Samtel Road,Bhiwadi",RAJASTHAN,ALWAR,301019,15/05/2015,Services,Micro, 1) 78100,7,2.00,BHIWADI,11/05/2016,87
691978,SHRI SANWARIYA ENGINEERING &amp; TECHNOLOGY,General,NA,NA,Proprietary,NA,"PLOT NO. H-803, RIICO INDUSTRIAL AREA CHOPANKI, BHIWADI, DISTT. ALWAR RAJASTHAN",RAJASTHAN,ALWAR,301707,06/04/2016,Manufacturing,Micro, 1) 22209,10,10.00,BHIWADI,11/05/2016,87
8087346,ENVIRO ASSOCIAATES & CONSULTANTS,OBC,Male,No,Proprietary, 1) NEAR D.C. COURT WARD NO 03 UPPER SICHEY GANGTOKEAST DISTRICTSIKKIM,"NEAR D.C. COURT, WARD NO. 03, UPPER SICHEY, GANGTOK, EAST SIKKIM, PIN - 737101",SIKKIM,EAST DISTRICT,737101,02-04-2015,Services,Small, 1) 42909,6,50,GANGTOK,23-11-2019,225
8182531,rajesh kumar kharka,OBC,Male,No,Proprietary, 1) s/o man bdr kharka malbesay malbasey sorengWEST DISTRICTSIKKIM,8th mile budhang soreng malbasey west sikkim,SIKKIM,WEST DISTRICT,737121,23-10-2019,Services,Small, 1) 49224,1,17,JORETHANG,06-12-2019,228
8183636,Planet Safe Solutions,General,Male,No,Proprietary, 1) g flr Rai bas complex MG Marg GangtokEAST DISTRICTSIKKIM,"4th Floor, Trishul Bldg/Telephone Exch Deorali, Gangtok Sikkim ",SIKKIM,EAST DISTRICT,737102,10-10-2010,Services,Small, 1) 62099; 2) 80200; 3) 95111; 4) 43212,1,15,GANGTOK,06-12-2019,225
897768,A A ENTERPRISE,SC,NA,NA,Proprietary,NA,"MANDIR LINE, JUBLI LINE, SINGTAM, EAST SIKKIM 737134",SIKKIM,EAST DISTRICT,737134,01-04-2011,Manufacturing,Micro, 1) 24109,5,5,GANGTOK,21-06-2016,225
1051968,M/s NATURE GIFT,SC,NA,NA,Proprietary,NA,"S/o Gopal Cintury, 1- Majhitar ward, Rangpo, East Sikkim",SIKKIM,EAST DISTRICT,737132,30-04-2014,Manufacturing,Micro, 1) 10795,8,12,GANGTOK,20-07-2016,225
1147234,AJAY BIOTECH (INDIA) LTD,General,NA,NA,Public Limited Company,NA,"1891/3412 (P) &amp; 1893/3414 (P), Vill- Duga Deorali sitay, P.O. Duga, P.S. Rangpo, East Sikkim.",SIKKIM,EAST DISTRICT,737132,28-06-2016,Manufacturing,Small, 1) 20129; 2) 20211; 3) 20213,6,96,GANGTOK,06-08-2016,225
1342949,DZONGTSE,ST,NA,NA,Proprietary,NA,"KARTOK, PAKYONG, EAST SIKKIM",SIKKIM,EAST DISTRICT,737106,11-11-2014,Services,Micro, 1) 01193,5,4,GANGTOK,08-09-2016,225
1551915,Wachipa corner,OBC,NA,NA,Proprietary,NA,"Top Floor ,Udisha Building, PNGSS Road, Gangtok",SIKKIM,EAST DISTRICT,737101,02-09-2016,Services,Micro, 1) 56301,7,7,GANGTOK,04-10-2016,225
1665091,SAMIRUL ALAM,General,NA,NA,Proprietary,NA,"SINGTAM BAZAR, EAST SINGTAM",SIKKIM,EAST DISTRICT,737134,15-01-2011,Manufacturing,Micro, 1) 42901; 2) 42903; 3) 42909; 4) 42101; 5) 43211; 6) 43213; 7) 43219,20,1,GANGTOK,20-10-2016,225
1903378,GEETA KUMARI PRADHAN,General,NA,NA,Proprietary,NA,SINGTAM BAZAR .PO. SINGTAM,SIKKIM,EAST DISTRICT,737134,01-04-2015,Services,Micro, 1) 42101; 2) 42201; 3) 42204; 4) 42202; 5) 42901; 6) 42903; 7) 42909; 8) 41002; 9) 78300; 10) 78200,14,10,GANGTOK,20-11-2016,225
6852422,PKS FACILITY MANAGEMENT SERVICES,OBC,Male,No,Proprietary," 1) NO:65, NALLOUR, VAIYANOUR POST, VAIYAVUR, KANCHIPURAMKANCHIPURAMTAMIL NADU",SAME AS ABOVE,TAMIL NADU,KANCHIPURAM,631561,24/05/2019,Services,Micro, 1) 80100; 2) 81100; 3) 81299,10,2.00,KANCHIPURAM,27/05/2019,574
6852430,CHENNAI HOME NURSING CARE,General,Female,No,Proprietary, 1) NO. 1 GKM COLONY KOLATHUR CHENNAICHENNAITAMIL NADU,"NO. 1, GKM COLONY, 13TH STREET, KOLATHUR	",TAMIL NADU,CHENNAI,600082,01/05/2019,Services,Micro, 1) 87100; 2) 87200; 3) 87300; 4) 87900,9,5.00,CHENNAI,27/05/2019,568
6852460,ARUNSUBU TRADING,General,Female,No,Proprietary, 1) 99/A SIDCO KAPPALUR MADURAIMADURAITAMIL NADU,"99/A , SIDCO INDUSTRIAL ESTATE , KAPPLAUR ",TAMIL NADU,MADURAI,625008,19/10/2012,Services,Small, 1) 73200,5,13.00,MADURAI,27/05/2019,578
6852464,MANLEE TAILOR,OBC,Male,No,Proprietary, 1) 61 A LAKSHMANGUDI MAIN ROAD THIRUVARUR THIRUVARURTHIRUVARURTAMIL NADU,"61 A, LAKSHMANGUDI, MAIN ROAD, KOOTHANALLUR, THIRUVARUR",TAMIL NADU,THIRUVARUR,614101,05/01/2014,Services,Micro, 1) 14105,2,2.00,THIRUVARUR,27/05/2019,590
6852521,Agnicut Machine Tool,OBC,Male,No,Partnership," 1) No.1A, Shed No.1 J.J Street,, Kilayanambakkam Village, ChennaiCHENNAITAMIL NADU","5/3-3, Karuppur Main Road,, 5th Ward,, Karuppur, Salem-636012",TAMIL NADU,SALEM,636012,13/05/2019,Manufacturing,Micro, 1) 28299,5,20.00,SALEM,27/05/2019,584
6852677,Star snacks,General,Female,No,Partnership, 1) 3/652 ashraf kassim Ponnakudi TIRUNELVELITIRUNELVELITAMIL NADU,"54 - h stc road, perumalpuram",TAMIL NADU,TIRUNELVELI,627007,05/04/2019,Manufacturing,Small, 1) 10793,7,30.00,TIRUNELVELI,27/05/2019,592
6852680,SIVA PACK WOODS AND TRADERS,General,Male,No,Proprietary, 1) NO.111 VELAPPANCHAVADI VELAPPANCHAVADI CHENNAITHIRUVALLURTAMIL NADU,"NO.111, POONAMALLEE HIGH ROAD,VELAPPANCHAVADI,CHENNAI - 600077",TAMIL NADU,THIRUVALLUR,600077,08/03/2002,Manufacturing,Micro, 1) 16231,15,10.00,THIRUVALLUR,27/05/2019,589
6852688,T.GANGA TRANSPORT,General,Male,No,Proprietary," 1) 12/1, T.GANGA TRANSPORT THIRUVERKADU CHENNAICHENNAITAMIL NADU","NO.12/1, PERIYAR KOVIL STREET,(SANNTHI STREET),THIRUVERKADU,CHENNAI-77",TAMIL NADU,CHENNAI,600077,15/03/2015,Services,Small, 1) 49231,5,15.00,CHENNAI,27/05/2019,568
6852704,OM SARAVANA AUTO WORKS,OBC,Male,No,Proprietary," 1) NO.3/70, SENGENIYAMMAN KOVIL STREET, THIRUVANMIYUR CHENNAICHENNAITAMIL NADU","No.3/70, Sengeniyamman Kovil Street, Neelangarai, Thiruvanmiyur, Chennai - 600041",TAMIL NADU,CHENNAI,600041,15/01/2019,Services,Micro,NA,5,10.00,CHENNAI,27/05/2019,568
6852706,SOUNDARYA TRADERS,OBC,Male,No,Proprietary, 1) NO.27/5 - ADAIKALAPATTINAM TIRUNELVELITIRUNELVELITAMIL NADU,"NO.27/5, NORTH STREET, ADAIKALAPATTINAM, TIRUNELVELI",TAMIL NADU,TIRUNELVELI,627808,22/05/2019,Services,Micro, 1) 74909,3,10.00,TIRUNELVELI,27/05/2019,592
8232,AQEEL COMMUNICATIONS,OBC,NA,NA,Proprietary,NA,9-90/1 OPP MRO OFFICE KALWAKURTHY ROAD BADEPALLY JADCHERLA MAHABUB NAGAR,TELANGANA,MAHABUBNAGAR,509301,01/02/2015,Services,Micro, 1) 62099,3,3.00,MAHABUBNAGAR,15/10/2015,512
8234,MEKA PUNNAIAH,SC,NA,NA,Proprietary,NA,"H NO 1-3-435, MAITRI NAGAR, ROAD NO 11, SBH 3RD VENTURE, BACKSIDE PREAM GARDEN, CHINTALAKUNTA, SAROORNAGAR[M], RANGAREDDY DISTRICT, PIN-500074",TELANGANA,RANGA REDDI,500074,15/10/2015,Services,Micro, 1) 49224,2,10.00,RANGAREDDY,15/10/2015,518
8345,AMAR BIO ORGANICS INDIA PVT LTD,General,NA,NA,Private Limited Company,NA,"SY. NO.850 &amp; 851, INDUSTRIAL AREA MEDCHAL",TELANGANA,RANGA REDDI,501401,22/03/2015,Manufacturing,Small, 1) 32909,16,50.00,RANGAREDDY,15/10/2015,518
8400,M/S. BREWEDIN &amp; BLENDON BEVERAGES.,OBC,Male,No,Proprietary, 1) 7-1-155/d19/a NEAR RAILWAY OVER BRIDGE SRINAGAR COLONY NALGONDANALGONDATELANGANA,"7-1-155/d19/a, NEAR RAILWAY OVER BRIDGE,SRINAGAR COLONY, PANAGAL ROAD, NALGONDA",TELANGANA,NALGONDA,508001,15/10/2015,Manufacturing,Micro, 1) 11045,22,25.00,NALGONDA,15/10/2015,514
8483,M/S. MALLIKARJUNASWAMY EARTH MOVERS.,SC,NA,NA,Proprietary,NA,"H.NO.3-15, PANDENAPALLY(V), KATTANGOOR(M), NALGONDA(D), T.S.",TELANGANA,NALGONDA,508205,01/10/2015,Manufacturing,Small, 1) 28243,3,26.00,NALGONDA,15/10/2015,514
8500,M/S.GUDIPATI CONSTRUCTIONS,SC,NA,NA,Proprietary,NA,"H NO 5-74,PLOT NO 600,SRI RAM NAGAR COLONY,PUPPALAGUDA,MANIKONDA,RAJENDRANAGAR MANDAL.",TELANGANA,RANGA REDDI,500087,31/08/2015,Manufacturing,Small, 1) 42909,30,30.00,RANGAREDDY,15/10/2015,518
8504,M/s. SRI TIRUMALA ENTERPRISES,OBC,NA,NA,Proprietary,NA,"PLOT NO: 16, SY NO: 215, VIMANAPURI COLONY, QUTUBULLAPUR MANDAL, RANGAREDDY DIST",TELANGANA,RANGA REDDI,500055,15/10/2015,Services,Micro, 1) 47219,2,6.00,RANGAREDDY,15/10/2015,518
8513,SL GRAPHICS,ST,Male,No,Proprietary, 1) 1-3-515 Plot No. 236 Uppal HyderabadMEDCHAL MALKAJGIRITELANGANA,"Shop No.20, Sri Dattasai Commercial Complex, RTC &#39;X&#39; Roads, Hyderabad",TELANGANA,HYDERABAD,500020,06/06/2001,Manufacturing,Micro, 1) 82191; 2) 82192; 3) 63992; 4) 50219; 5) 32901; 6) 17093,2,10.00,HYDERABAD,15/10/2015,507
8529,M/S.  SAMANTHA TAILORS.,SC,NA,NA,Proprietary,NA,"H.NO. 3-140, KOTHAPALLY(V), ANUMULA(M), NALGONDA(D), T.S.",TELANGANA,NALGONDA,508377,15/10/2015,Manufacturing,Micro, 1) 14105,10,5.00,NALGONDA,15/10/2015,514
8545,JEEVIKA LIFE SCIENCES PRIVATE LIMITED,General,NA,NA,Private Limited Company,NA,"PLOT NO 27/B,SVCIE,IDA JEEDIMETLA,QUTTUBULLAPUR",TELANGANA,RANGA REDDI,500055,15/10/2015,Manufacturing,Small, 1) 21001,50,500.00,RANGAREDDY,15/10/2015,518
8025857,Chakrabarty Caring Center,General,Male,No,Proprietary, 1) UTTAR CHANDRAPUR UTTARCHANDRA MATARBARI UDAIPURGOMATITRIPURA,NH08,TRIPURA,GOMATI,799013,01-06-2019,Manufacturing,Micro, 1) 96098,2,8,"DIC, Gomati",16-11-2019,654
8028228,Biswakarma Bamboo Handicrafts,General,Male,No,Proprietary, 1) Ward No-6 Panchayet Para Purba Nalchar NalcharSEPAHIJALATRIPURA,"Panchayet Para, Near Panchayet Office,Purba Nalchar",TRIPURA,SEPAHIJALA,799115,01-04-2017,Manufacturing,Micro, 1) 16294,2,1,SEPAHIJALA,16-11-2019,653
8089271,M/S. MUKHARJEE PAVER BLOCK & TILES,General,Male,No,Proprietary, 1) 1 NOABADI PURBA BARJALA JIRANIAWEST TRIPURATRIPURA,"PROP. SUJIT MUKHARJEE, JIRANIA BLOCK CHOWMUHANI, A.A.ROAD, JIRANIA, WEST TRIPURA, 799045",TRIPURA,WEST TRIPURA,799045,01-11-2019,Manufacturing,Micro, 1) 23952; 2) 23954; 3) 23955; 4) 23959,7,15,WEST TRIPURA,23-11-2019,272
7965408,MAA  TRIPURESWARI  ENTERPRISE,General,Male,No,Proprietary, 1) Siddhi Ashram Siddhi Ashram Siddhi Ashram AgartalaWEST TRIPURATRIPURA,"Siddhi Ashram, Station Road,",TRIPURA,WEST TRIPURA,799003,01-11-2019,Manufacturing,Micro, 1) 24109,5,2,WEST TRIPURA,08-11-2019,272
8043907,ASIAN TIMES INFO,General,Male,No,Proprietary, 1) BARDOWALI NEAR CID OFFICE BARDOWALI AGARTALAWEST TRIPURATRIPURA,"Bardowali, Agartala, Tripura West",TRIPURA,WEST TRIPURA,799003,17-11-2019,Services,Micro, 1) 63122; 2) 63910; 3) 60200,20,5,WEST TRIPURA,18-11-2019,272
8044337,Radharani led manufacture,OBC,Female,No,Proprietary, 1) Dhaleswar Dhaleswar a.a road agartala opp taru shagha colb Dhaleswar AgartalaWEST TRIPURATRIPURA,DHALESWAR,TRIPURA,WEST TRIPURA,799007,01-10-2019,Manufacturing,Micro, 1) 32909,1,2,WEST TRIPURA,18-11-2019,272
8045055,M/S SAMPAT MAL BAID,General,Male,No,Proprietary," 1) BAID PROPERTY SAKUNTALA ROAD , AGARTALA, W. TRIPURA-799001 WEST TRIPURA WEST TRIPURAWEST TRIPURATRIPURA","SUKANTALA ROAD, AGARTALA , TRIPURA[W]-799001 ",TRIPURA,WEST TRIPURA,799001,01-04-1965,Services,Small, 1) 96098,9,23,WEST TRIPURA,19-11-2019,272
7995118,Asha The Departmental Store,General,Male,No,Proprietary, 1) Ramnagar 6/7 near Durga Chowmuhani Agartala Tripura westWEST TRIPURATRIPURA,"TG Road, Ramnagar 6/7 near Durga Chowmuhani, Agartala Tripura west- 799001",TRIPURA,WEST TRIPURA,799001,13-05-2013,Services,Small, 1) 82990,5,20,West Tripura,13-11-2019,272
8050483,Rahaman Electronics Solution,OBC,Male,No,Proprietary," 1) - - Halhali, Kamalpur, DhalaiDHALAITRIPURA","Halhali, Kamalpur, Dhalai, Tripura-798286",TRIPURA,DHALAI,798286,02-01-2017,Services,Micro, 1) 82990,2,1,"District Industries Centre,Dhala",19-11-2019,269
8050780,HELAL UDDIN,General,Male,No,Proprietary, 1) NIL KALAGANGERPAR KADAMTALA DHARMANAGARNORTH TRIPURATRIPURA,"KALAGANGERPAR, KADAMTALA, DHARMANAGAR",TRIPURA,NORTH TRIPURA,799261,01-10-2019,Manufacturing,Micro, 1) 23921,15,25,NORTH TRIPURA,19-11-2019,270
